[13Jan2025 04:09:55.113] [main/INFO] [cpw.mods.modlauncher.Launcher/MODLAUNCHER]: ModLauncher running: args [--launchTarget, forgeserver, --fml.forgeVersion, 47.3.7, --fml.mcVersion, 1.20.1, --fml.forgeGroup, net.minecraftforge, --fml.mcpVersion, 20230612.114412, nogui]
[13Jan2025 04:09:55.120] [main/INFO] [cpw.mods.modlauncher.Launcher/MODLAUNCHER]: ModLauncher 10.0.9+10.0.9+main.dcd20f30 starting: java version 17.0.13 by Ubuntu; OS Linux arch amd64 version 6.5.0-1025-azure
[13Jan2025 04:09:55.894] [main/INFO] [net.minecraftforge.fml.loading.ImmediateWindowHandler/]: ImmediateWindowProvider not loading because launch target is forgeserver
[13Jan2025 04:09:55.900] [main/INFO] [com.teampotato.redirector.Redirector/]: Redirector CoreMod initialized successfully!
[13Jan2025 04:09:55.942] [main/INFO] [mixin/]: SpongePowered MIXIN Subsystem Version=0.8.5 Source=union:/workspaces/Pachorrix-Soul-s-Craft/servidor_minecraft/libraries/org/spongepowered/mixin/0.8.5/mixin-0.8.5.jar%2365!/ Service=ModLauncher Env=SERVER
[13Jan2025 04:09:56.429] [main/WARN] [net.minecraftforge.fml.loading.moddiscovery.ModFileParser/LOADING]: Mod file /workspaces/Pachorrix-Soul-s-Craft/servidor_minecraft/libraries/net/minecraftforge/fmlcore/1.20.1-47.3.7/fmlcore-1.20.1-47.3.7.jar is missing mods.toml file
[13Jan2025 04:09:56.431] [main/WARN] [net.minecraftforge.fml.loading.moddiscovery.ModFileParser/LOADING]: Mod file /workspaces/Pachorrix-Soul-s-Craft/servidor_minecraft/libraries/net/minecraftforge/javafmllanguage/1.20.1-47.3.7/javafmllanguage-1.20.1-47.3.7.jar is missing mods.toml file
[13Jan2025 04:09:56.433] [main/WARN] [net.minecraftforge.fml.loading.moddiscovery.ModFileParser/LOADING]: Mod file /workspaces/Pachorrix-Soul-s-Craft/servidor_minecraft/libraries/net/minecraftforge/lowcodelanguage/1.20.1-47.3.7/lowcodelanguage-1.20.1-47.3.7.jar is missing mods.toml file
[13Jan2025 04:09:56.434] [main/WARN] [net.minecraftforge.fml.loading.moddiscovery.ModFileParser/LOADING]: Mod file /workspaces/Pachorrix-Soul-s-Craft/servidor_minecraft/libraries/net/minecraftforge/mclanguage/1.20.1-47.3.7/mclanguage-1.20.1-47.3.7.jar is missing mods.toml file
[13Jan2025 04:09:56.890] [main/WARN] [net.minecraftforge.jarjar.selection.JarSelector/]: Attempted to select two dependency jars from JarJar which have the same identification: Mod File:  and Mod File: . Using Mod File: 
[13Jan2025 04:09:56.892] [main/INFO] [net.minecraftforge.fml.loading.moddiscovery.JarInJarDependencyLocator/]: Found 17 dependencies adding them to mods collection
[13Jan2025 04:10:00.114] [main/INFO] [mixin/]: Compatibility level set to JAVA_17
[13Jan2025 04:10:00.389] [main/ERROR] [mixin/]: Mixin config unpaused.mixins.json does not specify "minVersion" property
[13Jan2025 04:10:00.674] [main/INFO] [mixin/]: Successfully loaded Mixin Connector [com.sonicether.soundphysics.MixinConnector]
[13Jan2025 04:10:00.676] [main/INFO] [cpw.mods.modlauncher.LaunchServiceHandler/MODLAUNCHER]: Launching target 'forgeserver' with arguments [nogui]
[13Jan2025 04:10:00.722] [main/WARN] [mixin/]: Reference map 'doggytalents.refmap.json' for doggytalents.mixins.json could not be read. If this is a development environment you can ignore this message
[13Jan2025 04:10:00.862] [main/INFO] [ModernFix/]: Loaded configuration file for ModernFix 5.19.7+mc1.20.1: 84 options available, 0 override(s) found
[13Jan2025 04:10:00.864] [main/INFO] [ModernFix/]: Applying Nashorn fix
[13Jan2025 04:10:00.879] [main/INFO] [ModernFix/]: Applied Forge config corruption patch
[13Jan2025 04:10:00.905] [main/INFO] [com.teampotato.redirector.Redirector/]: Redirecting com/llamalad7/mixinextras/service/MixinExtrasVersion
[13Jan2025 04:10:01.010] [main/INFO] [Embeddium/]: Loaded configuration file for Embeddium: 159 options available, 0 override(s) found
[13Jan2025 04:10:01.012] [main/INFO] [com.teampotato.redirector.Redirector/]: Redirecting org/embeddedt/embeddium_integrity/MixinTaintDetector$EnforceLevel
[13Jan2025 04:10:01.071] [main/INFO] [com.teampotato.redirector.Redirector/]: Redirecting com/cursee/monolib/util/toml/Identifier$Type
[13Jan2025 04:10:01.137] [main/INFO] [Radium Config/]: Loaded configuration file for Radium: 125 options available, 1 override(s) found
[13Jan2025 04:10:01.246] [main/INFO] [com.teampotato.redirector.Redirector/]: Redirecting malte0811/ferritecore/mixin/config/FerriteMixinConfig$LithiumSupportState
[13Jan2025 04:10:01.284] [main/WARN] [mixin/]: Reference map 'apexcore.refmap.json' for apexcore.mixins.json could not be read. If this is a development environment you can ignore this message
[13Jan2025 04:10:01.293] [main/INFO] [com.teampotato.redirector.Redirector/]: Redirecting fuzs/puzzleslib/api/core/v1/ModLoader
[13Jan2025 04:10:01.309] [main/INFO] [Puzzles Lib/]: Loading 114 mods:
	- aiimprovements 0.5.2
	- alexsmobs 1.22.9
	- alternate_current 1.7.0
	- appleskin 2.5.1+mc1.20.1
	- attributefix 21.0.4
	- automessage 2.2.0
	- badoptimizations 2.2.1
	- balm 7.3.10
		\-- kuma_api 20.1.9-SNAPSHOT
	- betteradvancements 0.4.2.10
	- betterfortresses 1.20-Forge-2.0.6
	- betterstrongholds 1.20-Forge-4.0.3
	- bettervillage 3.2.0
	- bhmenu 2.4.2
	- boatbreakfix 1.0.2
	- carryon 2.1.2.7
		\-- mixinextras 0.2.0-beta.6
	- cataclysm 2.27
	- chat_heads 0.13.7
	- chunksending 1.20.1-2.8
	- citadel 2.6.0
	- cloth_config 11.1.136
	- clumps 12.0.0.4
	- collective 7.87
	- connectivity 1.20.1-6.1
	- controlling 12.0.2
	- corpse 1.20.1-1.0.19
	- craftingtweaks 18.2.5
	- cupboard 1.20.1-2.7
	- curios 5.11.0+1.20.1
	- defaultoptions 18.0.1
	- despawn_tweaker 1.20.1-1.0.0
	- deuf 1.20.1-1.3
	- diagonalfences 8.1.5
		\-- diagonalblocks 8.0.6
	- doggytalents 1.18.38
	- dungeons_arise 2.1.58-1.20.x
	- easymagic 8.0.1
	- efds 20.2.1
	- efm_compat 2.0
	- embeddium 0.3.31+mc1.20.1
		\-- rubidium 0.7.1
	- embeddiumplus 1.2.13
	- entity_texture_features 6.2.9
	- entityculling 1.7.2
	- epicfight 20.9.6
	- fallingleaves 2.1.0-beta.1
	- fallingtree 4.3.4
	- fancymenu 3.3.2
	- fantasyfurniture 9.0.0
		|-- apexcore 10.0.0
		\-- commonality 7.0.0
	- fastasyncworldsave 1.20.1-2.0
	- fastleafdecay 32
	- ferritecore 6.0.1
	- forge 47.3.7
	- foxapi 1.4.0
	- gamemenumodoption 2.2.1
	- gpumemleakfix 1.20.1-1.8
	- guardvillagers 1.20.1-1.6.7
	- iceandfire 2.1.13-1.20.1
	- immediatelyfast 1.3.3+1.20.4
	- jade 11.12.2+forge
	- jei 15.20.0.105
	- jet_and_elias_armors 1.0.0
	- konkrete 1.8.0
	- krypton 0.2.3
	- libraryferret 4.0.0
	- lionfishapi 2.4-Fix
	- loadingbackgrounds 1.5.0
	- loadmyresources 1.0.4
	- melody 1.0.2
	- memory_of_the_past 1.0.2
	- minecraft 1.20.1
	- modernfix 5.19.7+mc1.20.1
	- monolib 1.4.1
	- mousetweaks 2.25.1
	- myserveriscompatible 1.0
	- necronomicon 1.6.0
	- neruina 2.1.2
	- netherportalfix 13.0.1
	- nochatreports 1.20.1-v2.2.2
	- noisium 2.3.0+mc1.20-1.20.1
	- placebo 8.6.2
	- puzzleslib 8.1.25
		\-- puzzlesaccessapi 8.0.7
	- radium 0.12.4+git.26c9d8e
	- refm 0.2.9
	- searchables 1.0.3
	- shifu_epic_fight_skill_recipe 1.0.0
	- skinlayers3d 1.7.4
	- smoothchunk 1.20.1-3.8
	- sound_physics_remastered 1.20.1-1.4.8
	- spark 1.10.53
	- stackable_stew_and_soup 2.0.1
	- startinv 1.0.0
	- structureessentials 1.20.1-3.4
	- takesapillage 1.0.3
	- terralith 2.5.4
	- timeondisplay 2.0.0
	- toastcontrol 8.0.3
	- tpa 1.5.0
	- travelersbackpack 9.1.16
	- twilightforest 4.3.2508
	- unpaused 1.20.1-forge-1.0.1
	- villagernames 8.1
	- visualworkbench 8.0.0
	- w2w2 1.0
	- waystones 14.1.6
	- weaponmaster_ydm 4.2.3
	- wom 20.1.8.5.6
	- xaerominimap 24.6.1
	- xaeroworldmap 1.39.2
	- yungsapi 1.20-Forge-4.0.6
	- yungsbridges 1.20-Forge-4.0.3
[13Jan2025 04:10:01.993] [main/INFO] [com.cupboard.Cupboard/]: Loaded config for: structureessentials.json
[13Jan2025 04:10:02.045] [main/INFO] [net.minecraftforge.coremod.CoreMod.placebo/COREMODLOG]: Patching IForgeItemStack#getEnchantmentLevel
[13Jan2025 04:10:02.067] [main/INFO] [net.minecraftforge.coremod.CoreMod.placebo/COREMODLOG]: Patching IForgeItemStack#getEnchantmentLevel
[13Jan2025 04:10:02.874] [main/WARN] [Radium Config/]: Force-disabling mixin 'alloc.blockstate.StateMixin' as option 'mixin.alloc.blockstate' (added by mods [ferritecore]) disables it and children
[13Jan2025 04:10:03.361] [main/ERROR] [net.minecraftforge.fml.loading.RuntimeDistCleaner/DISTXFORM]: Attempted to load class net/minecraft/client/Minecraft for invalid dist DEDICATED_SERVER
[13Jan2025 04:10:03.362] [main/WARN] [mixin/]: Error loading class: net/minecraft/client/Minecraft (java.lang.RuntimeException: Attempted to load class net/minecraft/client/Minecraft for invalid dist DEDICATED_SERVER)
[13Jan2025 04:10:03.362] [main/WARN] [mixin/]: @Mixin target net.minecraft.client.Minecraft was not found unpaused.mixins.json:MinecraftClientMixin
[13Jan2025 04:10:03.424] [main/INFO] [com.teampotato.redirector.Redirector/]: Redirecting com/bawnorton/neruina/platform/ModLoader
[13Jan2025 04:10:03.662] [main/INFO] [MixinExtras|Service/]: Initializing MixinExtras via com.llamalad7.mixinextras.service.MixinExtrasServiceImpl(version=0.4.1).
[13Jan2025 04:10:03.830] [main/INFO] [mixin/]: Mixing server.MixinDedicatedServer from mixins/common/nochatreports.mixins.json into net.minecraft.server.dedicated.DedicatedServer
[13Jan2025 04:10:03.867] [main/INFO] [com.teampotato.redirector.Redirector/]: Redirecting net/minecraft/util/Unit
[13Jan2025 04:10:03.891] [main/INFO] [com.teampotato.redirector.Redirector/]: Redirecting net/minecraft/ChatFormatting
[13Jan2025 04:10:04.447] [main/INFO] [net.minecraft.server.Bootstrap/]: ModernFix reached bootstrap stage (12.09 s after launch)
[13Jan2025 04:10:04.549] [main/INFO] [com.teampotato.redirector.Redirector/]: Redirecting net/minecraft/Util$IdentityStrategy
[13Jan2025 04:10:04.558] [main/INFO] [com.teampotato.redirector.Redirector/]: Redirecting net/minecraft/core/Holder$Reference$Type
[13Jan2025 04:10:04.619] [main/WARN] [mixin/]: @Final field delegatesByName:Ljava/util/Map; in modernfix-forge.mixins.json:perf.forge_registry_alloc.ForgeRegistryMixin should be final
[13Jan2025 04:10:04.620] [main/WARN] [mixin/]: @Final field delegatesByValue:Ljava/util/Map; in modernfix-forge.mixins.json:perf.forge_registry_alloc.ForgeRegistryMixin should be final
[13Jan2025 04:10:04.767] [main/INFO] [ModernFix/]: Injecting BlockStateBase cache population hook into getNeighborPathNodeType from me.jellysquid.mods.lithium.mixin.ai.pathing.AbstractBlockStateMixin
[13Jan2025 04:10:04.769] [main/INFO] [ModernFix/]: Injecting BlockStateBase cache population hook into getPathNodeType from me.jellysquid.mods.lithium.mixin.ai.pathing.AbstractBlockStateMixin
[13Jan2025 04:10:04.770] [main/INFO] [ModernFix/]: Injecting BlockStateBase cache population hook into getAllFlags from me.jellysquid.mods.lithium.mixin.util.block_tracking.AbstractBlockStateMixin
[13Jan2025 04:10:05.668] [main/INFO] [com.teampotato.redirector.Redirector/]: Redirecting net/minecraft/core/Direction
[13Jan2025 04:10:05.671] [main/INFO] [com.teampotato.redirector.Redirector/]: Redirecting net/minecraft/core/Direction$AxisDirection
[13Jan2025 04:10:05.672] [main/INFO] [com.teampotato.redirector.Redirector/]: Redirecting net/minecraft/core/Direction$Axis
[13Jan2025 04:10:05.744] [main/INFO] [com.teampotato.redirector.Redirector/]: Redirecting net/minecraft/core/Direction$Plane
[13Jan2025 04:10:05.747] [main/INFO] [com.teampotato.redirector.Redirector/]: Redirecting net/minecraft/core/FrontAndTop
[13Jan2025 04:10:05.752] [main/INFO] [com.teampotato.redirector.Redirector/]: Redirecting net/minecraft/world/level/block/state/properties/AttachFace
[13Jan2025 04:10:05.753] [main/INFO] [com.teampotato.redirector.Redirector/]: Redirecting net/minecraft/world/level/block/state/properties/BellAttachType
[13Jan2025 04:10:05.754] [main/INFO] [com.teampotato.redirector.Redirector/]: Redirecting net/minecraft/world/level/block/state/properties/WallSide
[13Jan2025 04:10:05.755] [main/INFO] [com.teampotato.redirector.Redirector/]: Redirecting net/minecraft/world/level/block/state/properties/RedstoneSide
[13Jan2025 04:10:05.756] [main/INFO] [com.teampotato.redirector.Redirector/]: Redirecting net/minecraft/world/level/block/state/properties/DoubleBlockHalf
[13Jan2025 04:10:05.757] [main/INFO] [com.teampotato.redirector.Redirector/]: Redirecting net/minecraft/world/level/block/state/properties/Half
[13Jan2025 04:10:05.758] [main/INFO] [com.teampotato.redirector.Redirector/]: Redirecting net/minecraft/world/level/block/state/properties/RailShape
[13Jan2025 04:10:05.763] [main/INFO] [com.teampotato.redirector.Redirector/]: Redirecting net/minecraft/world/level/block/state/properties/BedPart
[13Jan2025 04:10:05.763] [main/INFO] [com.teampotato.redirector.Redirector/]: Redirecting net/minecraft/world/level/block/state/properties/ChestType
[13Jan2025 04:10:05.764] [main/INFO] [com.teampotato.redirector.Redirector/]: Redirecting net/minecraft/world/level/block/state/properties/ComparatorMode
[13Jan2025 04:10:05.765] [main/INFO] [com.teampotato.redirector.Redirector/]: Redirecting net/minecraft/world/level/block/state/properties/DoorHingeSide
[13Jan2025 04:10:05.766] [main/INFO] [com.teampotato.redirector.Redirector/]: Redirecting net/minecraft/world/level/block/state/properties/NoteBlockInstrument
[13Jan2025 04:10:05.848] [main/INFO] [com.teampotato.redirector.Redirector/]: Redirecting net/minecraft/world/level/block/state/properties/NoteBlockInstrument$Type
[13Jan2025 04:10:05.850] [main/INFO] [com.teampotato.redirector.Redirector/]: Redirecting net/minecraft/world/level/block/state/properties/PistonType
[13Jan2025 04:10:05.851] [main/INFO] [com.teampotato.redirector.Redirector/]: Redirecting net/minecraft/world/level/block/state/properties/SlabType
[13Jan2025 04:10:05.853] [main/INFO] [com.teampotato.redirector.Redirector/]: Redirecting net/minecraft/world/level/block/state/properties/StairsShape
[13Jan2025 04:10:05.855] [main/INFO] [com.teampotato.redirector.Redirector/]: Redirecting net/minecraft/world/level/block/state/properties/StructureMode
[13Jan2025 04:10:05.856] [main/INFO] [com.teampotato.redirector.Redirector/]: Redirecting net/minecraft/world/level/block/state/properties/BambooLeaves
[13Jan2025 04:10:05.857] [main/INFO] [com.teampotato.redirector.Redirector/]: Redirecting net/minecraft/world/level/block/state/properties/Tilt
[13Jan2025 04:10:05.859] [main/INFO] [com.teampotato.redirector.Redirector/]: Redirecting net/minecraft/world/level/block/state/properties/DripstoneThickness
[13Jan2025 04:10:05.860] [main/INFO] [com.teampotato.redirector.Redirector/]: Redirecting net/minecraft/world/level/block/state/properties/SculkSensorPhase
[13Jan2025 04:10:06.210] [main/INFO] [com.teampotato.redirector.Redirector/]: Redirecting net/minecraft/world/level/material/PushReaction
[13Jan2025 04:10:06.308] [main/INFO] [com.teampotato.redirector.Redirector/]: Redirecting net/minecraft/world/level/block/RenderShape
[13Jan2025 04:10:06.328] [main/INFO] [net.minecraftforge.coremod.CoreMod.placebo/COREMODLOG]: Patching IForgeItemStack#getEnchantmentLevel
[13Jan2025 04:10:06.329] [main/INFO] [net.minecraftforge.coremod.CoreMod.placebo/COREMODLOG]: Patching IForgeItemStack#getEnchantmentLevel
[13Jan2025 04:10:06.336] [main/INFO] [net.minecraftforge.coremod.CoreMod.placebo/COREMODLOG]: Patching IForgeItemStack#getEnchantmentLevel
[13Jan2025 04:10:06.337] [main/INFO] [net.minecraftforge.coremod.CoreMod.placebo/COREMODLOG]: Patching IForgeItemStack#getEnchantmentLevel
[13Jan2025 04:10:06.352] [main/INFO] [com.teampotato.redirector.Redirector/]: Redirecting net/minecraft/world/level/biome/Biome$Precipitation
[13Jan2025 04:10:06.357] [main/INFO] [com.teampotato.redirector.Redirector/]: Redirecting net/minecraft/world/level/pathfinder/PathComputationType
[13Jan2025 04:10:06.359] [main/INFO] [com.teampotato.redirector.Redirector/]: Redirecting net/minecraft/world/level/block/state/BlockBehaviour$OffsetType
[13Jan2025 04:10:06.366] [main/INFO] [net.minecraft.server.Bootstrap/]: Vanilla bootstrap took 1915 milliseconds
[13Jan2025 04:10:06.409] [main/INFO] [com.teampotato.redirector.Redirector/]: Redirecting net/minecraftforge/network/NetworkDirection
[13Jan2025 04:10:06.419] [main/INFO] [mixin/]: Mixing common.MixinFriendlyByteBuf from mixins/common/nochatreports.mixins.json into net.minecraft.network.FriendlyByteBuf
[13Jan2025 04:10:06.420] [main/INFO] [mixin/]: Renaming synthetic method lambda$onWriteJsonWithCodec$1(Ljava/lang/Object;Ljava/lang/String;)Lio/netty/handler/codec/EncoderException; to md3255e8$lambda$onWriteJsonWithCodec$1$0 in mixins/common/nochatreports.mixins.json:common.MixinFriendlyByteBuf
[13Jan2025 04:10:06.421] [main/INFO] [mixin/]: Renaming synthetic method lambda$onReadJsonWithCodec$0(Ljava/lang/String;)Lio/netty/handler/codec/DecoderException; to md3255e8$lambda$onReadJsonWithCodec$0$1 in mixins/common/nochatreports.mixins.json:common.MixinFriendlyByteBuf
[13Jan2025 04:10:06.478] [main/INFO] [com.teampotato.redirector.Redirector/]: Redirecting net/minecraft/world/item/DyeColor
[13Jan2025 04:10:06.480] [main/INFO] [com.teampotato.redirector.Redirector/]: Redirecting net/minecraft/util/ByIdMap$OutOfBoundsStrategy
[13Jan2025 04:10:06.498] [main/INFO] [com.teampotato.redirector.Redirector/]: Redirecting net/minecraft/world/level/block/Rotation
[13Jan2025 04:10:06.530] [main/INFO] [com.teampotato.redirector.Redirector/]: Redirecting net/minecraft/world/InteractionHand
[13Jan2025 04:10:06.532] [main/INFO] [com.teampotato.redirector.Redirector/]: Redirecting net/minecraft/world/InteractionResult
[13Jan2025 04:10:06.532] [main/INFO] [com.teampotato.redirector.Redirector/]: Redirecting net/minecraft/world/level/block/Mirror
[13Jan2025 04:10:06.550] [main/INFO] [com.teampotato.redirector.Redirector/]: Redirecting net/minecraft/core/AxisCycle
[13Jan2025 04:10:06.562] [main/INFO] [com.teampotato.redirector.Redirector/]: Redirecting net/minecraft/world/entity/player/Player$BedSleepingProblem
[13Jan2025 04:10:06.563] [main/INFO] [com.teampotato.redirector.Redirector/]: Redirecting net/minecraft/world/level/block/DoubleBlockCombiner$BlockType
[13Jan2025 04:10:06.641] [main/INFO] [com.teampotato.redirector.Redirector/]: Redirecting net/minecraft/world/effect/MobEffectCategory
[13Jan2025 04:10:06.645] [main/INFO] [com.teampotato.redirector.Redirector/]: Redirecting net/minecraft/world/entity/ai/attributes/AttributeModifier$Operation
[13Jan2025 04:10:06.884] [main/INFO] [com.teampotato.redirector.Redirector/]: Redirecting net/minecraft/world/level/block/PressurePlateBlock$Sensitivity
[13Jan2025 04:10:06.910] [main/INFO] [com.teampotato.redirector.Redirector/]: Redirecting net/minecraft/world/entity/EquipmentSlot
[13Jan2025 04:10:06.990] [main/INFO] [com.teampotato.redirector.Redirector/]: Redirecting net/minecraft/world/level/block/MultifaceSpreader$SpreadType
[13Jan2025 04:10:07.069] [main/INFO] [com.teampotato.redirector.Redirector/]: Redirecting net/minecraft/world/level/block/SkullBlock$Types
[13Jan2025 04:10:07.093] [main/WARN] [mixin/]: @Final field f_31427_:[I in mixins.epicfight.json:MixinWitherBoss should be final
[13Jan2025 04:10:07.094] [main/WARN] [mixin/]: @Final field f_31428_:[I in mixins.epicfight.json:MixinWitherBoss should be final
[13Jan2025 04:10:07.324] [main/INFO] [com.teampotato.redirector.Redirector/]: Redirecting net/minecraft/world/level/block/entity/JigsawBlockEntity$JointType
[13Jan2025 04:10:07.331] [main/INFO] [com.teampotato.redirector.Redirector/]: Redirecting net/minecraft/world/level/block/entity/BeehiveBlockEntity$BeeReleaseStatus
[13Jan2025 04:10:07.397] [main/INFO] [com.teampotato.redirector.Redirector/]: Redirecting net/minecraft/world/level/block/WeatheringCopper$WeatherState
[13Jan2025 04:10:07.578] [main/INFO] [com.teampotato.redirector.Redirector/]: Redirecting net/minecraft/world/item/Rarity
[13Jan2025 04:10:07.596] [main/INFO] [com.teampotato.redirector.Redirector/]: Redirecting net/minecraft/world/entity/vehicle/AbstractMinecart$Type
[13Jan2025 04:10:07.653] [main/INFO] [com.teampotato.redirector.Redirector/]: Redirecting net/minecraft/world/entity/MobCategory
[13Jan2025 04:10:07.964] [main/INFO] [com.teampotato.redirector.Redirector/]: Redirecting net/minecraft/world/entity/ai/goal/Goal$Flag
[13Jan2025 04:10:08.096] [main/WARN] [mixin/]: @Final field f_26027_:Lnet/minecraft/world/entity/ai/targeting/TargetingConditions; in guardvillagers.mixins.json:DefendVillageGoalGolemMixin should be final
[13Jan2025 04:10:08.235] [main/INFO] [com.teampotato.redirector.Redirector/]: Redirecting net/minecraft/world/entity/Pose
[13Jan2025 04:10:08.236] [main/INFO] [com.teampotato.redirector.Redirector/]: Redirecting net/minecraft/world/entity/animal/sniffer/Sniffer$State
[13Jan2025 04:10:08.256] [main/WARN] [net.minecraft.network.syncher.SynchedEntityData/]: defineId called for: class net.minecraft.world.entity.LivingEntity from class yesman.epicfight.world.capabilities.entitypatch.LivingEntityPatch
[13Jan2025 04:10:08.257] [main/WARN] [net.minecraft.network.syncher.SynchedEntityData/]: defineId called for: class net.minecraft.world.entity.LivingEntity from class yesman.epicfight.world.capabilities.entitypatch.LivingEntityPatch
[13Jan2025 04:10:08.257] [main/WARN] [net.minecraft.network.syncher.SynchedEntityData/]: defineId called for: class net.minecraft.world.entity.LivingEntity from class yesman.epicfight.world.capabilities.entitypatch.LivingEntityPatch
[13Jan2025 04:10:08.257] [main/WARN] [net.minecraft.network.syncher.SynchedEntityData/]: defineId called for: class net.minecraft.world.entity.LivingEntity from class yesman.epicfight.world.capabilities.entitypatch.LivingEntityPatch
[13Jan2025 04:10:08.257] [main/INFO] [com.teampotato.redirector.Redirector/]: Redirecting net/minecraft/world/entity/EquipmentSlot$Type
[13Jan2025 04:10:08.380] [main/INFO] [com.teampotato.redirector.Redirector/]: Redirecting net/minecraft/world/item/ArmorItem$Type
[13Jan2025 04:10:08.385] [main/INFO] [com.teampotato.redirector.Redirector/]: Redirecting net/minecraft/world/entity/vehicle/Boat$Type
[13Jan2025 04:10:08.387] [main/INFO] [com.teampotato.redirector.Redirector/]: Redirecting net/minecraft/world/item/ArmorMaterials
[13Jan2025 04:10:08.396] [main/INFO] [com.teampotato.redirector.Redirector/]: Redirecting net/minecraft/world/item/Tiers
[13Jan2025 04:10:08.420] [main/INFO] [mixin/]: Mixing server.MixinServerGamePacketListenerImpl from mixins/common/nochatreports.mixins.json into net.minecraft.server.network.ServerGamePacketListenerImpl
[13Jan2025 04:10:08.437] [main/INFO] [com.teampotato.redirector.Redirector/]: Redirecting net/minecraft/network/protocol/game/ClientboundPlayerInfoUpdatePacket$Action
[13Jan2025 04:10:08.501] [main/INFO] [com.teampotato.redirector.Redirector/]: Redirecting net/minecraft/world/item/enchantment/Enchantment$Rarity
[13Jan2025 04:10:08.502] [main/INFO] [com.teampotato.redirector.Redirector/]: Redirecting net/minecraft/world/item/enchantment/ProtectionEnchantment$Type
[13Jan2025 04:10:08.503] [main/INFO] [com.teampotato.redirector.Redirector/]: Redirecting net/minecraft/world/item/enchantment/EnchantmentCategory
[13Jan2025 04:10:08.533] [main/INFO] [com.teampotato.redirector.Redirector/]: Redirecting net/minecraft/world/scores/criteria/ObjectiveCriteria$RenderType
[13Jan2025 04:10:08.535] [main/INFO] [com.teampotato.redirector.Redirector/]: Redirecting net/minecraft/world/level/levelgen/Heightmap$Types
[13Jan2025 04:10:08.538] [main/INFO] [com.teampotato.redirector.Redirector/]: Redirecting net/minecraft/world/level/levelgen/Heightmap$Usage
[13Jan2025 04:10:08.547] [main/INFO] [com.teampotato.redirector.Redirector/]: Redirecting net/minecraft/world/level/chunk/ChunkStatus$ChunkType
[13Jan2025 04:10:08.583] [main/INFO] [com.teampotato.redirector.Redirector/]: Redirecting net/minecraft/world/item/crafting/CraftingBookCategory
[13Jan2025 04:10:08.594] [main/INFO] [com.teampotato.redirector.Redirector/]: Redirecting net/minecraft/world/item/crafting/CookingBookCategory
[13Jan2025 04:10:08.723] [main/INFO] [com.teampotato.redirector.Redirector/]: Redirecting net/minecraft/core/Holder$Kind
[13Jan2025 04:10:08.827] [main/INFO] [com.teampotato.redirector.Redirector/]: Redirecting net/minecraft/world/level/levelgen/placement/CaveSurface
[13Jan2025 04:10:08.877] [main/INFO] [com.teampotato.redirector.Redirector/]: Redirecting net/minecraft/world/level/levelgen/structure/placement/StructurePlacement$FrequencyReductionMethod
[13Jan2025 04:10:08.884] [main/INFO] [com.teampotato.redirector.Redirector/]: Redirecting net/minecraft/world/level/levelgen/structure/placement/RandomSpreadType
[13Jan2025 04:10:08.976] [main/INFO] [com.teampotato.redirector.Redirector/]: Redirecting net/minecraft/world/level/levelgen/structure/StructureSpawnOverride$BoundingBoxType
[13Jan2025 04:10:08.983] [main/INFO] [com.teampotato.redirector.Redirector/]: Redirecting net/minecraft/world/level/levelgen/GenerationStep$Decoration
[13Jan2025 04:10:08.985] [main/INFO] [com.teampotato.redirector.Redirector/]: Redirecting net/minecraft/world/level/levelgen/structure/TerrainAdjustment
[13Jan2025 04:10:09.019] [main/INFO] [com.teampotato.redirector.Redirector/]: Redirecting net/minecraft/world/level/levelgen/structure/structures/MineshaftStructure$Type
[13Jan2025 04:10:09.025] [main/INFO] [com.teampotato.redirector.Redirector/]: Redirecting net/minecraft/world/level/levelgen/structure/structures/OceanRuinStructure$Type
[13Jan2025 04:10:09.030] [main/INFO] [com.teampotato.redirector.Redirector/]: Redirecting net/minecraft/world/level/levelgen/structure/structures/RuinedPortalPiece$VerticalPlacement
[13Jan2025 04:10:09.053] [main/INFO] [com.teampotato.redirector.Redirector/]: Redirecting net/minecraft/world/level/levelgen/GenerationStep$Carving
[13Jan2025 04:10:09.103] [main/WARN] [mixin/]: Method overwrite conflict for m_47505_ in lithium.mixins.json:world.temperature_cache.BiomeMixin, previously written by org.embeddedt.modernfix.common.mixin.perf.remove_biome_temperature_cache.BiomeMixin. Skipping method.
[13Jan2025 04:10:09.112] [main/INFO] [com.teampotato.redirector.Redirector/]: Redirecting net/minecraft/world/level/biome/Biome$TemperatureModifier
[13Jan2025 04:10:09.116] [main/INFO] [com.teampotato.redirector.Redirector/]: Redirecting net/minecraft/world/level/biome/BiomeSpecialEffects$GrassColorModifier
[13Jan2025 04:10:09.215] [main/INFO] [com.teampotato.redirector.Redirector/]: Redirecting net/minecraft/world/level/levelgen/SurfaceRules$Temperature
[13Jan2025 04:10:09.216] [main/INFO] [com.teampotato.redirector.Redirector/]: Redirecting net/minecraft/world/level/levelgen/SurfaceRules$Steep
[13Jan2025 04:10:09.218] [main/INFO] [com.teampotato.redirector.Redirector/]: Redirecting net/minecraft/world/level/levelgen/SurfaceRules$Hole
[13Jan2025 04:10:09.218] [main/INFO] [com.teampotato.redirector.Redirector/]: Redirecting net/minecraft/world/level/levelgen/SurfaceRules$AbovePreliminarySurface
[13Jan2025 04:10:09.219] [main/INFO] [com.teampotato.redirector.Redirector/]: Redirecting net/minecraft/world/level/levelgen/SurfaceRules$Bandlands
[13Jan2025 04:10:09.223] [main/INFO] [com.teampotato.redirector.Redirector/]: Redirecting net/minecraft/world/level/levelgen/DensityFunctions$BlendAlpha
[13Jan2025 04:10:09.224] [main/INFO] [com.teampotato.redirector.Redirector/]: Redirecting net/minecraft/world/level/levelgen/DensityFunctions$BlendOffset
[13Jan2025 04:10:09.225] [main/INFO] [com.teampotato.redirector.Redirector/]: Redirecting net/minecraft/world/level/levelgen/DensityFunctions$BeardifierMarker
[13Jan2025 04:10:09.228] [main/INFO] [com.teampotato.redirector.Redirector/]: Redirecting net/minecraft/world/level/levelgen/DensityFunctions$Marker$Type
[13Jan2025 04:10:09.235] [main/INFO] [com.teampotato.redirector.Redirector/]: Redirecting net/minecraft/world/level/levelgen/DensityFunctions$WeirdScaledSampler$RarityValueMapper
[13Jan2025 04:10:09.247] [main/INFO] [com.teampotato.redirector.Redirector/]: Redirecting net/minecraft/world/level/levelgen/DensityFunctions$Mapped$Type
[13Jan2025 04:10:09.249] [main/INFO] [com.teampotato.redirector.Redirector/]: Redirecting net/minecraft/world/level/levelgen/DensityFunctions$TwoArgumentSimpleFunction$Type
[13Jan2025 04:10:09.274] [main/INFO] [com.teampotato.redirector.Redirector/]: Redirecting net/minecraft/world/level/levelgen/structure/pools/StructureTemplatePool$Projection
[13Jan2025 04:10:09.286] [main/INFO] [com.teampotato.redirector.Redirector/]: Redirecting net/minecraft/world/item/CreativeModeTab$Row
[13Jan2025 04:10:09.289] [main/INFO] [com.teampotato.redirector.Redirector/]: Redirecting net/minecraft/world/item/CreativeModeTab$Type
[13Jan2025 04:10:09.623] [modloading-worker-0/INFO] [com.teampotato.redirector.Redirector/]: Redirecting net/minecraftforge/common/world/BiomeModifier$Phase
[13Jan2025 04:10:09.639] [modloading-worker-0/INFO] [com.teampotato.redirector.Redirector/]: Redirecting net/minecraftforge/event/TickEvent$Phase
[13Jan2025 04:10:09.641] [modloading-worker-0/INFO] [com.teampotato.redirector.Redirector/]: Redirecting net/minecraftforge/event/TickEvent$Type
[13Jan2025 04:10:09.648] [modloading-worker-0/INFO] [com.teampotato.redirector.Redirector/]: Redirecting doggytalents/common/variant/DogVariant$NamespaceType
[13Jan2025 04:10:09.665] [modloading-worker-0/INFO] [com.teampotato.redirector.Redirector/]: Redirecting net/minecraft/commands/Commands$CommandSelection
[13Jan2025 04:10:09.674] [modloading-worker-0/INFO] [com.teampotato.redirector.Redirector/]: Redirecting net/blay09/mods/balm/api/event/TickPhase
[13Jan2025 04:10:09.677] [modloading-worker-0/INFO] [com.teampotato.redirector.Redirector/]: Redirecting net/blay09/mods/balm/api/event/EventPriority
[13Jan2025 04:10:09.692] [modloading-worker-0/INFO] [com.teampotato.redirector.Redirector/]: Redirecting doggytalents/api/feature/DogLevel$Type
[13Jan2025 04:10:09.704] [modloading-worker-0/INFO] [com.teampotato.redirector.Redirector/]: Redirecting net/minecraft/world/inventory/ClickType
[13Jan2025 04:10:09.715] [modloading-worker-0/INFO] [com.teampotato.redirector.Redirector/]: Redirecting doggytalents/common/item/DogResizeItem$Type
[13Jan2025 04:10:09.715] [modloading-worker-0/INFO] [Collective/]: [Collective] JSON file 'entity_names.json' generation requested by mod 'villagernames'.
[13Jan2025 04:10:09.784] [modloading-worker-0/INFO] [mixin/]: Mixing server.MixinPlayerList from mixins/common/nochatreports.mixins.json into net.minecraft.server.players.PlayerList
[13Jan2025 04:10:09.887] [modloading-worker-0/INFO] [com.teampotato.redirector.Redirector/]: Redirecting com/mojang/math/OctahedralGroup
[13Jan2025 04:10:09.897] [modloading-worker-0/INFO] [com.teampotato.redirector.Redirector/]: Redirecting com/mojang/math/SymmetricGroup3
[13Jan2025 04:10:09.905] [modloading-worker-0/INFO] [com.teampotato.redirector.Redirector/]: Redirecting net/blay09/mods/balm/config/ExampleConfigData$ExampleEnum
[13Jan2025 04:10:09.921] [modloading-worker-0/INFO] [com.teampotato.redirector.Redirector/]: Redirecting net/minecraftforge/common/capabilities/CapabilityManager
[13Jan2025 04:10:09.949] [modloading-worker-0/INFO] [com.teampotato.redirector.Redirector/]: Redirecting tschipp/carryon/config/PropertyType
[13Jan2025 04:10:10.000] [modloading-worker-0/INFO] [de.keksuccino.melody.Melody/]: [MELODY] Disabling Melody since it's loaded server-side.
[13Jan2025 04:10:10.056] [modloading-worker-0/INFO] [com.teampotato.redirector.Redirector/]: Redirecting net/minecraft/world/level/GameRules$Category
[13Jan2025 04:10:10.062] [modloading-worker-0/INFO] [de.keksuccino.konkrete.Konkrete/]: [KONKRETE] Successfully initialized!
[13Jan2025 04:10:10.064] [modloading-worker-0/INFO] [de.keksuccino.konkrete.Konkrete/]: [KONKRETE] Server-side libs ready to use!
[13Jan2025 04:10:10.074] [modloading-worker-0/INFO] [com.teampotato.redirector.Redirector/]: Redirecting me/jellysquid/mods/sodium/client/gui/SodiumGameOptions$GraphicsQuality
[13Jan2025 04:10:10.078] [modloading-worker-0/INFO] [com.teampotato.redirector.Redirector/]: Redirecting net/minecraft/world/level/ClipContext$Fluid
[13Jan2025 04:10:10.089] [modloading-worker-0/INFO] [com.teampotato.redirector.Redirector/]: Redirecting fuzs/puzzleslib/api/core/v1/ContentRegistrationFlags
[13Jan2025 04:10:10.090] [modloading-worker-0/INFO] [com.teampotato.redirector.Redirector/]: Redirecting net/minecraft/world/entity/MobSpawnType
[13Jan2025 04:10:10.091] [modloading-worker-0/INFO] [Puzzles Lib/]: Constructing common components for diagonalblocks:main
[13Jan2025 04:10:10.136] [modloading-worker-0/INFO] [com.teampotato.redirector.Redirector/]: Redirecting net/minecraft/server/packs/PackType
[13Jan2025 04:10:10.161] [modloading-worker-0/INFO] [com.teampotato.redirector.Redirector/]: Redirecting top/theillusivec4/curios/client/CuriosClientConfig$Client$ButtonCorner
[13Jan2025 04:10:10.163] [modloading-worker-0/INFO] [com.teampotato.redirector.Redirector/]: Redirecting top/theillusivec4/curios/common/CuriosConfig$KeepCurios
[13Jan2025 04:10:10.170] [modloading-worker-0/INFO] [Collective/]: Loading Collective version 7.87.
[13Jan2025 04:10:10.222] [modloading-worker-0/INFO] [noisium/]: Loading Noisium.
[13Jan2025 04:10:10.265] [modloading-worker-0/INFO] [com.teampotato.redirector.Redirector/]: Redirecting com/builtbroken/ai/improvements/modifier/filters/FilterResult
[13Jan2025 04:10:10.275] [modloading-worker-0/INFO] [com.cupboard.Cupboard/]: Loaded config for: cupboard.json
[13Jan2025 04:10:10.293] [modloading-worker-0/INFO] [com.teampotato.redirector.Redirector/]: Redirecting fr/rakambda/fallingtree/common/config/enums/BreakMode
[13Jan2025 04:10:10.293] [modloading-worker-0/INFO] [com.teampotato.redirector.Redirector/]: Redirecting fr/rakambda/fallingtree/common/config/enums/DetectionMode
[13Jan2025 04:10:10.294] [modloading-worker-0/INFO] [com.teampotato.redirector.Redirector/]: Redirecting fr/rakambda/fallingtree/common/config/enums/MaxSizeAction
[13Jan2025 04:10:10.294] [modloading-worker-0/INFO] [com.teampotato.redirector.Redirector/]: Redirecting fr/rakambda/fallingtree/common/config/enums/BreakOrder
[13Jan2025 04:10:10.296] [modloading-worker-0/INFO] [com.teampotato.redirector.Redirector/]: Redirecting fr/rakambda/fallingtree/common/config/enums/AdjacentStopMode
[13Jan2025 04:10:10.297] [modloading-worker-0/INFO] [com.teampotato.redirector.Redirector/]: Redirecting fr/rakambda/fallingtree/common/config/enums/DamageRounding
[13Jan2025 04:10:10.298] [modloading-worker-0/INFO] [com.teampotato.redirector.Redirector/]: Redirecting fr/rakambda/fallingtree/common/config/enums/SneakMode
[13Jan2025 04:10:10.299] [modloading-worker-0/INFO] [com.teampotato.redirector.Redirector/]: Redirecting fr/rakambda/fallingtree/common/config/enums/NotificationMode
[13Jan2025 04:10:10.317] [modloading-worker-0/INFO] [TimeOnDisplay/]: Hello Forge world!
[13Jan2025 04:10:10.325] [modloading-worker-0/INFO] [TimeOnDisplay/]: Hello from TimeOnDisplay Common init on Forge! we are currently in a production environment!
[13Jan2025 04:10:10.325] [modloading-worker-0/INFO] [TimeOnDisplay/]: The ID for diamonds is minecraft:diamond
[13Jan2025 04:10:10.325] [modloading-worker-0/INFO] [TimeOnDisplay/]: Hello to TimeOnDisplay
[13Jan2025 04:10:10.327] [modloading-worker-0/INFO] [com.teampotato.redirector.Redirector/]: Redirecting fr/rakambda/fallingtree/common/wrapper/DirectionCompat
[13Jan2025 04:10:10.441] [modloading-worker-0/INFO] [com.teampotato.redirector.Redirector/]: Redirecting fuzs/easymagic/config/ServerConfig$EnchantmentHint
[13Jan2025 04:10:10.444] [modloading-worker-0/INFO] [Puzzles Lib/]: Constructing common components for visualworkbench:main
[13Jan2025 04:10:10.453] [modloading-worker-0/INFO] [com.teampotato.redirector.Redirector/]: Redirecting fuzs/easymagic/config/ServerConfig$ChiseledBookshelfPower
[13Jan2025 04:10:10.454] [modloading-worker-0/INFO] [Puzzles Lib/]: Constructing common components for easymagic:main
[13Jan2025 04:10:10.478] [modloading-worker-0/INFO] [com.jtorleonstudios.libraryferret.LibraryFerret/]: Initialize mod Library Ferret
[13Jan2025 04:10:10.514] [modloading-worker-0/INFO] [com.teampotato.redirector.Redirector/]: Redirecting fuzs/puzzleslib/api/network/v2/MessageDirection
[13Jan2025 04:10:10.518] [modloading-worker-0/INFO] [com.jtorleonstudios.libraryferret.LibraryFerret/]: Initialized mod Library Ferret
[13Jan2025 04:10:10.520] [modloading-worker-0/WARN] [fallingleaves/]: Falling Leaves is a client only mod and should be removed from the mods list
[13Jan2025 04:10:10.522] [modloading-worker-0/INFO] [com.teampotato.redirector.Redirector/]: Redirecting yesman/epicfight/world/capabilities/entitypatch/player/PlayerPatch$PlayerMode
[13Jan2025 04:10:10.534] [modloading-worker-0/INFO] [com.teampotato.redirector.Redirector/]: Redirecting yesman/epicfight/config/ClientConfig$HealthBarShowOptions
[13Jan2025 04:10:10.534] [modloading-worker-0/INFO] [com.teampotato.redirector.Redirector/]: Redirecting yesman/epicfight/config/ClientConfig$HorizontalBasis
[13Jan2025 04:10:10.535] [modloading-worker-0/INFO] [com.teampotato.redirector.Redirector/]: Redirecting yesman/epicfight/config/ClientConfig$VerticalBasis
[13Jan2025 04:10:10.535] [modloading-worker-0/INFO] [com.teampotato.redirector.Redirector/]: Redirecting yesman/epicfight/config/ClientConfig$AlignDirection
[13Jan2025 04:10:10.560] [modloading-worker-0/INFO] [com.teampotato.redirector.Redirector/]: Redirecting yesman/epicfight/api/animation/LivingMotions
[13Jan2025 04:10:10.561] [modloading-worker-0/INFO] [com.teampotato.redirector.Redirector/]: Redirecting yesman/epicfight/skill/SkillCategories
[13Jan2025 04:10:10.563] [modloading-worker-0/INFO] [com.teampotato.redirector.Redirector/]: Redirecting yesman/epicfight/skill/SkillSlots
[13Jan2025 04:10:10.564] [modloading-worker-0/INFO] [com.teampotato.redirector.Redirector/]: Redirecting yesman/epicfight/world/capabilities/item/CapabilityItem$Styles
[13Jan2025 04:10:10.567] [modloading-worker-0/INFO] [com.teampotato.redirector.Redirector/]: Redirecting yesman/epicfight/world/capabilities/item/CapabilityItem$WeaponCategories
[13Jan2025 04:10:10.593] [modloading-worker-0/INFO] [com.teampotato.redirector.Redirector/]: Redirecting net/blay09/mods/waystones/config/DimensionalWarp
[13Jan2025 04:10:10.594] [modloading-worker-0/INFO] [com.teampotato.redirector.Redirector/]: Redirecting net/blay09/mods/waystones/config/WorldGenStyle
[13Jan2025 04:10:10.594] [modloading-worker-0/INFO] [com.teampotato.redirector.Redirector/]: Redirecting net/blay09/mods/waystones/worldgen/namegen/NameGenerationMode
[13Jan2025 04:10:10.603] [modloading-worker-0/INFO] [com.teampotato.redirector.Redirector/]: Redirecting net/minecraftforge/event/entity/player/PlayerInteractEvent$LeftClickBlock$Action
[13Jan2025 04:10:10.649] [modloading-worker-0/INFO] [com.teampotato.redirector.Redirector/]: Redirecting net/yonchi/refm/world/capabilities/item/RapierWeaponCategories
[13Jan2025 04:10:10.664] [modloading-worker-0/INFO] [epicfight/]: Loaded mod compat: SkinLayer3DCompat
[13Jan2025 04:10:10.667] [modloading-worker-0/INFO] [epicfight/]: Loaded mod compat: IceAndFireCompat
[13Jan2025 04:10:10.691] [modloading-worker-0/INFO] [epicfight/]: Loaded mod compat: RapierGuardWoM
[13Jan2025 04:10:10.722] [modloading-worker-0/INFO] [com.teampotato.redirector.Redirector/]: Redirecting reascer/wom/config/WOMClientConfig$HorizontalBasis
[13Jan2025 04:10:10.725] [modloading-worker-0/INFO] [com.teampotato.redirector.Redirector/]: Redirecting reascer/wom/config/WOMClientConfig$VerticalBasis
[13Jan2025 04:10:10.797] [modloading-worker-0/INFO] [com.teampotato.redirector.Redirector/]: Redirecting net/minecraft/world/entity/Entity$RemovalReason
[13Jan2025 04:10:10.798] [modloading-worker-0/INFO] [com.teampotato.redirector.Redirector/]: Redirecting net/minecraft/world/entity/HumanoidArm
[13Jan2025 04:10:10.799] [modloading-worker-0/INFO] [com.teampotato.redirector.Redirector/]: Redirecting net/minecraft/commands/arguments/EntityAnchorArgument$Anchor
[13Jan2025 04:10:10.840] [modloading-worker-0/INFO] [com.teampotato.redirector.Redirector/]: Redirecting com/bawnorton/neruina/config/Config$LogLevel
[13Jan2025 04:10:10.904] [modloading-worker-0/ERROR] [toastcontrol/]: Running on a dedicated server, disabling mod.
[13Jan2025 04:10:10.905] [modloading-worker-0/INFO] [AutoMessage/]: Hello Forge world!
[13Jan2025 04:10:10.909] [modloading-worker-0/INFO] [net.minecraftforge.common.ForgeMod/FORGEMOD]: Forge mod loading, version 47.3.7, for MC 1.20.1 with MCP 20230612.114412
[13Jan2025 04:10:10.909] [modloading-worker-0/INFO] [net.minecraftforge.common.MinecraftForge/FORGE]: MinecraftForge v47.3.7 Initialized
[13Jan2025 04:10:10.914] [modloading-worker-0/INFO] [AutoMessage/]: Hello from AutoMessage Common init on Forge! we are currently in a production environment!
[13Jan2025 04:10:10.915] [modloading-worker-0/INFO] [AutoMessage/]: The ID for diamonds is minecraft:diamond
[13Jan2025 04:10:10.915] [modloading-worker-0/INFO] [AutoMessage/]: Hello to AutoMessage
[13Jan2025 04:10:10.930] [modloading-worker-0/INFO] [com.teampotato.redirector.Redirector/]: Redirecting net/blay09/mods/craftingtweaks/config/CraftingTweaksMode
[13Jan2025 04:10:10.937] [modloading-worker-0/INFO] [com.teampotato.redirector.Redirector/]: Redirecting net/minecraft/world/item/ItemDisplayContext
[13Jan2025 04:10:10.975] [modloading-worker-0/INFO] [necronomicon/]: Necronomicon Initialized
[13Jan2025 04:10:10.985] [modloading-worker-0/INFO] [necronomicon/]: File exists, reading config for elocindev.necronomicon.NecronomiconConfig.
[13Jan2025 04:10:10.987] [modloading-worker-0/INFO] [com.teampotato.redirector.Redirector/]: Redirecting com/github/alexthe666/iceandfire/enums/EnumDragonArmor
[13Jan2025 04:10:10.988] [modloading-worker-0/INFO] [necronomicon/]: Config for elocindev.necronomicon.NecronomiconConfig read successfully.
[13Jan2025 04:10:10.989] [modloading-worker-0/INFO] [com.teampotato.redirector.Redirector/]: Redirecting com/github/alexthe666/iceandfire/enums/EnumDragonEgg
[13Jan2025 04:10:10.997] [modloading-worker-0/INFO] [com.teampotato.redirector.Redirector/]: Redirecting com/github/alexthe666/iceandfire/enums/EnumSeaSerpent
[13Jan2025 04:10:10.993] [modloading-worker-0/INFO] [necronomicon/]: there is a brick about to fall through your roof at terminal velocity
[13Jan2025 04:10:11.004] [modloading-worker-0/INFO] [NoChatReports/]: KONNICHIWA ZA WARUDO!
[13Jan2025 04:10:11.004] [modloading-worker-0/INFO] [NoChatReports/]: Default JVM text encoding is: UTF-8
[13Jan2025 04:10:11.006] [modloading-worker-0/INFO] [NoChatReports/]: Reading config file NoChatReports/NCR-Common.json...
[13Jan2025 04:10:11.006] [modloading-worker-0/INFO] [NoChatReports/]: Writing config file NoChatReports/NCR-Common.json...
[13Jan2025 04:10:11.009] [modloading-worker-0/INFO] [xyz.apex.forge.commonality.Mods.CommonalityMod/]: Running Minecraft '1.20.1', & Forge '47.3.7' on Java '17.0.13, Ubuntu'
[13Jan2025 04:10:11.010] [modloading-worker-0/INFO] [com.teampotato.redirector.Redirector/]: Redirecting xyz/apex/forge/commonality/trust/TrustState
[13Jan2025 04:10:11.011] [modloading-worker-0/INFO] [TrustedSourceList/]: Loading BlackListed sources from remote... (https://api.stopmodreposts.org/minecraft/sites.txt)
[13Jan2025 04:10:11.160] [modloading-worker-0/INFO] [com.teampotato.redirector.Redirector/]: Redirecting com/github/alexthe666/iceandfire/enums/EnumSkullType
[13Jan2025 04:10:11.161] [modloading-worker-0/INFO] [com.teampotato.redirector.Redirector/]: Redirecting com/github/alexthe666/iceandfire/enums/EnumTroll
[13Jan2025 04:10:11.165] [modloading-worker-0/INFO] [com.teampotato.redirector.Redirector/]: Redirecting com/github/alexthe666/iceandfire/enums/EnumTroll$Weapon
[13Jan2025 04:10:11.384] [modloading-worker-0/INFO] [com.teampotato.redirector.Redirector/]: Redirecting yesman/epicfight/skill/Skill$ActivateType
[13Jan2025 04:10:11.385] [modloading-worker-0/INFO] [com.teampotato.redirector.Redirector/]: Redirecting yesman/epicfight/skill/Skill$Resource
[13Jan2025 04:10:11.387] [modloading-worker-0/INFO] [Puzzles Lib/]: Constructing common components for diagonalfences:main
[13Jan2025 04:10:11.406] [modloading-worker-0/INFO] [de.keksuccino.fancymenu.FancyMenu/]: [FANCYMENU] Loading v3.3.2 in server-side mode on FORGE!
[13Jan2025 04:10:11.406] [modloading-worker-0/INFO] [com.teampotato.redirector.Redirector/]: Redirecting twilightforest/util/MagicPaintingVariant$Layer$Parallax$Type
[13Jan2025 04:10:11.411] [modloading-worker-0/INFO] [com.teampotato.redirector.Redirector/]: Redirecting de/keksuccino/fancymenu/util/file/type/FileMediaType
[13Jan2025 04:10:11.414] [modloading-worker-0/INFO] [com.teampotato.redirector.Redirector/]: Redirecting twilightforest/util/MagicPaintingVariant$Layer$OpacityModifier$Type
[13Jan2025 04:10:11.439] [modloading-worker-0/INFO] [com.teampotato.redirector.Redirector/]: Redirecting net/minecraft/world/item/UseAnim
[13Jan2025 04:10:11.441] [modloading-worker-0/INFO] [com.teampotato.redirector.Redirector/]: Redirecting net/minecraft/world/inventory/ClickAction
[13Jan2025 04:10:11.496] [modloading-worker-0/INFO] [TrustManager/]: Loading mod 'fantasyfurniture' TrustWorthiness...
[13Jan2025 04:10:11.496] [modloading-worker-0/FATAL] [TrustManager/]: Could not determine mod trust worthiness, Assuming Jar was downloaded from trusted source!
[13Jan2025 04:10:11.496] [modloading-worker-0/INFO] [TrustManager/]: Loaded mod 'fantasyfurniture' TrustWorthiness: UNKNOWN
[13Jan2025 04:10:11.497] [modloading-worker-0/INFO] [TrustManager/]: Loading mod 'apexcore' TrustWorthiness...
[13Jan2025 04:10:11.497] [modloading-worker-0/FATAL] [TrustManager/]: Could not determine mod trust worthiness, Assuming Jar was downloaded from trusted source!
[13Jan2025 04:10:11.497] [modloading-worker-0/INFO] [TrustManager/]: Loaded mod 'apexcore' TrustWorthiness: UNKNOWN
[13Jan2025 04:10:11.540] [modloading-worker-0/INFO] [com.teampotato.redirector.Redirector/]: Redirecting com/github/alexthe666/iceandfire/enums/EnumParticles
[13Jan2025 04:10:11.565] [modloading-worker-0/ERROR] [BadOptimizations/]: BadOptimizations is a client-only mod, this will have no effect on a server.
[13Jan2025 04:10:11.567] [modloading-worker-0/WARN] [de.keksuccino.loadmyresources.LoadMyResources/]: ## WARNING ## 'Load My Resources' is a client mod and has no effect when loaded on a server!
[13Jan2025 04:10:11.571] [modloading-worker-0/INFO] [Puzzles Lib/]: Constructing common components for puzzleslib:main
[13Jan2025 04:10:11.849] [modloading-worker-0/INFO] [TrustedSourceList/]: Loaded 564 BlackListed sources from remote
[13Jan2025 04:10:11.849] [modloading-worker-0/INFO] [TrustManager/]: Loading mod 'commonality' TrustWorthiness...
[13Jan2025 04:10:11.849] [modloading-worker-0/FATAL] [TrustManager/]: Could not determine mod trust worthiness, Assuming Jar was downloaded from trusted source!
[13Jan2025 04:10:11.850] [modloading-worker-0/INFO] [TrustManager/]: Loaded mod 'commonality' TrustWorthiness: UNKNOWN
[13Jan2025 04:10:12.091] [main/INFO] [com.teampotato.redirector.Redirector/]: Redirecting com/github/L_Ender/lionfishapi/server/util/BiomeUtil$OriginalModdedBiomeProvider
[13Jan2025 04:10:12.106] [main/INFO] [com.teampotato.redirector.Redirector/]: Redirecting net/minecraft/network/chat/ChatTypeDecoration$Parameter
[13Jan2025 04:10:12.117] [main/INFO] [com.teampotato.redirector.Redirector/]: Redirecting net/minecraft/world/damagesource/DamageScaling
[13Jan2025 04:10:12.118] [main/INFO] [com.teampotato.redirector.Redirector/]: Redirecting net/minecraft/world/damagesource/DamageEffects
[13Jan2025 04:10:12.119] [main/INFO] [com.teampotato.redirector.Redirector/]: Redirecting net/minecraft/world/damagesource/DeathMessageType
[13Jan2025 04:10:13.036] [main/INFO] [com.teampotato.redirector.Redirector/]: Redirecting net/minecraft/world/level/pathfinder/BlockPathTypes
[13Jan2025 04:10:13.053] [main/INFO] [com.teampotato.redirector.Redirector/]: Redirecting twilightforest/enums/FireJetVariant
[13Jan2025 04:10:13.057] [main/INFO] [com.teampotato.redirector.Redirector/]: Redirecting twilightforest/enums/HugeLilypadPiece
[13Jan2025 04:10:13.059] [main/INFO] [com.teampotato.redirector.Redirector/]: Redirecting twilightforest/enums/NagastoneVariant
[13Jan2025 04:10:13.060] [main/INFO] [com.teampotato.redirector.Redirector/]: Redirecting twilightforest/enums/Diagonals
[13Jan2025 04:10:13.070] [main/INFO] [com.teampotato.redirector.Redirector/]: Redirecting twilightforest/enums/BlockLoggingEnum
[13Jan2025 04:10:13.072] [main/INFO] [com.teampotato.redirector.Redirector/]: Redirecting twilightforest/block/LightableBlock$Lighting
[13Jan2025 04:10:13.075] [main/INFO] [com.teampotato.redirector.Redirector/]: Redirecting twilightforest/block/AbstractSkullCandleBlock$CandleColors
[13Jan2025 04:10:13.078] [main/INFO] [com.teampotato.redirector.Redirector/]: Redirecting twilightforest/block/WroughtIronFenceBlock$PostState
[13Jan2025 04:10:13.078] [main/INFO] [com.teampotato.redirector.Redirector/]: Redirecting twilightforest/block/WroughtIronFenceBlock$FenceSide
[13Jan2025 04:10:13.090] [main/INFO] [com.teampotato.redirector.Redirector/]: Redirecting net/minecraft/world/entity/SpawnPlacements$Type
[13Jan2025 04:10:13.096] [main/INFO] [com.teampotato.redirector.Redirector/]: Redirecting twilightforest/enums/TowerDeviceVariant
[13Jan2025 04:10:13.127] [main/INFO] [com.teampotato.redirector.Redirector/]: Redirecting twilightforest/enums/BossVariant
[13Jan2025 04:10:13.128] [main/INFO] [com.teampotato.redirector.Redirector/]: Redirecting twilightforest/enums/BossVariant$TrophyType
[13Jan2025 04:10:13.134] [main/INFO] [com.teampotato.redirector.Redirector/]: Redirecting twilightforest/enums/BanisterShape
[13Jan2025 04:10:13.138] [main/INFO] [com.teampotato.redirector.Redirector/]: Redirecting twilightforest/enums/HollowLogVariants$Horizontal
[13Jan2025 04:10:13.141] [main/INFO] [com.teampotato.redirector.Redirector/]: Redirecting twilightforest/enums/HollowLogVariants$Climbable
[13Jan2025 04:10:13.158] [main/INFO] [com.teampotato.redirector.Redirector/]: Redirecting fuzs/diagonalblocks/api/v2/EightWayDirection
[13Jan2025 04:10:13.237] [main/INFO] [Diagonal Blocks/]: Constructing shapes for ForgeDiagonalFenceBlock[NodeWidth=2.0,ExtensionWidth=2.0,NodeTop=24.0,ExtensionBottom=0.0,ExtensionTop=24.0] took 74ms
[13Jan2025 04:10:13.308] [main/INFO] [Diagonal Blocks/]: Constructing shapes for ForgeDiagonalFenceBlock[NodeWidth=2.0,ExtensionWidth=2.0,NodeTop=16.0,ExtensionBottom=0.0,ExtensionTop=16.0] took 67ms
[13Jan2025 04:10:13.447] [main/INFO] [Diagonal Blocks/]: Constructing shapes for ForgeDiagonalFenceBlock[NodeWidth=2.0,ExtensionWidth=1.0,NodeTop=16.0,ExtensionBottom=6.0,ExtensionTop=15.0] took 129ms
[13Jan2025 04:10:13.501] [main/INFO] [com.teampotato.redirector.Redirector/]: Redirecting com/github/L_Ender/cataclysm/blocks/Door_of_Seal_Block$Door_Of_Seal_Part
[13Jan2025 04:10:13.502] [main/INFO] [com.teampotato.redirector.Redirector/]: Redirecting com/github/L_Ender/cataclysm/blocks/Cataclysm_Skull_Block$Types
[13Jan2025 04:10:13.517] [main/INFO] [com.teampotato.redirector.Redirector/]: Redirecting net/blay09/mods/waystones/api/WaystoneOrigin
[13Jan2025 04:10:13.520] [main/INFO] [com.teampotato.redirector.Redirector/]: Redirecting net/blay09/mods/waystones/block/WarpPlateBlock$WarpPlateStatus
[13Jan2025 04:10:13.596] [main/INFO] [com.teampotato.redirector.Redirector/]: Redirecting xyz/apex/forge/fantasyfurniture/common/block/decorations/CookieJarBlock$FillStage
[13Jan2025 04:10:13.666] [main/INFO] [com.teampotato.redirector.Redirector/]: Redirecting xyz/apex/forge/fantasyfurniture/common/block/furniture/FloorLightBlock$Part
[13Jan2025 04:10:13.669] [main/INFO] [com.teampotato.redirector.Redirector/]: Redirecting xyz/apex/forge/fantasyfurniture/common/block/furniture/ShelfBlock$Connection
[13Jan2025 04:10:13.670] [main/INFO] [com.teampotato.redirector.Redirector/]: Redirecting xyz/apex/forge/fantasyfurniture/common/block/furniture/SofaBlock$Connection
[13Jan2025 04:10:13.675] [main/ERROR] [net.minecraftforge.fml.loading.RuntimeDistCleaner/DISTXFORM]: Attempted to load class com/mojang/blaze3d/vertex/PoseStack for invalid dist DEDICATED_SERVER
[13Jan2025 04:10:13.676] [main/WARN] [Radium Class Analysis/]: Radium Class Analysis Error: Class xyz.apex.forge.fantasyfurniture.common.block.furniture.BedSingleBlock cannot be analysed, because getting declared methods crashes with RuntimeException: Attempted to load class com/mojang/blaze3d/vertex/PoseStack for invalid dist DEDICATED_SERVER. This is usually caused by modded entities declaring methods that have a return type or parameter type that is annotated with @OnlyIn(Dist.CLIENT). Loading the type is not possible, because it only exists in the CLIENT environment. The recommended fix is to annotate the method with this argument or return type with the same annotation. Lithium handles this error by assuming the class cannot be included in some optimizations.
[13Jan2025 04:10:13.676] [main/ERROR] [net.minecraftforge.fml.loading.RuntimeDistCleaner/DISTXFORM]: Attempted to load class com/mojang/blaze3d/vertex/PoseStack for invalid dist DEDICATED_SERVER
[13Jan2025 04:10:13.676] [main/WARN] [Radium Class Analysis/]: Radium Class Analysis Error: Class xyz.apex.forge.fantasyfurniture.common.block.furniture.BedSingleBlock cannot be analysed, because getting declared methods crashes with RuntimeException: Attempted to load class com/mojang/blaze3d/vertex/PoseStack for invalid dist DEDICATED_SERVER. This is usually caused by modded entities declaring methods that have a return type or parameter type that is annotated with @OnlyIn(Dist.CLIENT). Loading the type is not possible, because it only exists in the CLIENT environment. The recommended fix is to annotate the method with this argument or return type with the same annotation. Lithium handles this error by assuming the class cannot be included in some optimizations.
[13Jan2025 04:10:13.677] [main/ERROR] [net.minecraftforge.fml.loading.RuntimeDistCleaner/DISTXFORM]: Attempted to load class com/mojang/blaze3d/vertex/PoseStack for invalid dist DEDICATED_SERVER
[13Jan2025 04:10:13.677] [main/WARN] [Radium Class Analysis/]: Radium Class Analysis Error: Class xyz.apex.forge.fantasyfurniture.common.block.furniture.BedDoubleBlock cannot be analysed, because getting declared methods crashes with RuntimeException: Attempted to load class com/mojang/blaze3d/vertex/PoseStack for invalid dist DEDICATED_SERVER. This is usually caused by modded entities declaring methods that have a return type or parameter type that is annotated with @OnlyIn(Dist.CLIENT). Loading the type is not possible, because it only exists in the CLIENT environment. The recommended fix is to annotate the method with this argument or return type with the same annotation. Lithium handles this error by assuming the class cannot be included in some optimizations.
[13Jan2025 04:10:13.677] [main/ERROR] [net.minecraftforge.fml.loading.RuntimeDistCleaner/DISTXFORM]: Attempted to load class com/mojang/blaze3d/vertex/PoseStack for invalid dist DEDICATED_SERVER
[13Jan2025 04:10:13.678] [main/WARN] [Radium Class Analysis/]: Radium Class Analysis Error: Class xyz.apex.forge.fantasyfurniture.common.block.furniture.BedDoubleBlock cannot be analysed, because getting declared methods crashes with RuntimeException: Attempted to load class com/mojang/blaze3d/vertex/PoseStack for invalid dist DEDICATED_SERVER. This is usually caused by modded entities declaring methods that have a return type or parameter type that is annotated with @OnlyIn(Dist.CLIENT). Loading the type is not possible, because it only exists in the CLIENT environment. The recommended fix is to annotate the method with this argument or return type with the same annotation. Lithium handles this error by assuming the class cannot be included in some optimizations.
[13Jan2025 04:10:13.679] [main/INFO] [com.teampotato.redirector.Redirector/]: Redirecting xyz/apex/forge/fantasyfurniture/common/block/furniture/CounterBlock$Connection
[13Jan2025 04:10:13.745] [main/ERROR] [net.minecraftforge.fml.loading.RuntimeDistCleaner/DISTXFORM]: Attempted to load class com/mojang/blaze3d/vertex/PoseStack for invalid dist DEDICATED_SERVER
[13Jan2025 04:10:13.745] [main/WARN] [Radium Class Analysis/]: Radium Class Analysis Error: Class xyz.apex.forge.fantasyfurniture.common.block.furniture.BedSingleBlock cannot be analysed, because getting declared methods crashes with RuntimeException: Attempted to load class com/mojang/blaze3d/vertex/PoseStack for invalid dist DEDICATED_SERVER. This is usually caused by modded entities declaring methods that have a return type or parameter type that is annotated with @OnlyIn(Dist.CLIENT). Loading the type is not possible, because it only exists in the CLIENT environment. The recommended fix is to annotate the method with this argument or return type with the same annotation. Lithium handles this error by assuming the class cannot be included in some optimizations.
[13Jan2025 04:10:13.745] [main/ERROR] [net.minecraftforge.fml.loading.RuntimeDistCleaner/DISTXFORM]: Attempted to load class com/mojang/blaze3d/vertex/PoseStack for invalid dist DEDICATED_SERVER
[13Jan2025 04:10:13.745] [main/WARN] [Radium Class Analysis/]: Radium Class Analysis Error: Class xyz.apex.forge.fantasyfurniture.common.block.furniture.BedSingleBlock cannot be analysed, because getting declared methods crashes with RuntimeException: Attempted to load class com/mojang/blaze3d/vertex/PoseStack for invalid dist DEDICATED_SERVER. This is usually caused by modded entities declaring methods that have a return type or parameter type that is annotated with @OnlyIn(Dist.CLIENT). Loading the type is not possible, because it only exists in the CLIENT environment. The recommended fix is to annotate the method with this argument or return type with the same annotation. Lithium handles this error by assuming the class cannot be included in some optimizations.
[13Jan2025 04:10:13.749] [main/ERROR] [net.minecraftforge.fml.loading.RuntimeDistCleaner/DISTXFORM]: Attempted to load class com/mojang/blaze3d/vertex/PoseStack for invalid dist DEDICATED_SERVER
[13Jan2025 04:10:13.749] [main/WARN] [Radium Class Analysis/]: Radium Class Analysis Error: Class xyz.apex.forge.fantasyfurniture.common.block.furniture.BedDoubleBlock cannot be analysed, because getting declared methods crashes with RuntimeException: Attempted to load class com/mojang/blaze3d/vertex/PoseStack for invalid dist DEDICATED_SERVER. This is usually caused by modded entities declaring methods that have a return type or parameter type that is annotated with @OnlyIn(Dist.CLIENT). Loading the type is not possible, because it only exists in the CLIENT environment. The recommended fix is to annotate the method with this argument or return type with the same annotation. Lithium handles this error by assuming the class cannot be included in some optimizations.
[13Jan2025 04:10:13.750] [main/ERROR] [net.minecraftforge.fml.loading.RuntimeDistCleaner/DISTXFORM]: Attempted to load class com/mojang/blaze3d/vertex/PoseStack for invalid dist DEDICATED_SERVER
[13Jan2025 04:10:13.750] [main/WARN] [Radium Class Analysis/]: Radium Class Analysis Error: Class xyz.apex.forge.fantasyfurniture.common.block.furniture.BedDoubleBlock cannot be analysed, because getting declared methods crashes with RuntimeException: Attempted to load class com/mojang/blaze3d/vertex/PoseStack for invalid dist DEDICATED_SERVER. This is usually caused by modded entities declaring methods that have a return type or parameter type that is annotated with @OnlyIn(Dist.CLIENT). Loading the type is not possible, because it only exists in the CLIENT environment. The recommended fix is to annotate the method with this argument or return type with the same annotation. Lithium handles this error by assuming the class cannot be included in some optimizations.
[13Jan2025 04:10:13.810] [main/INFO] [com.teampotato.redirector.Redirector/]: Redirecting com/github/alexthe666/alexsmobs/item/ItemEcholocator$EchoType
[13Jan2025 04:10:13.822] [main/INFO] [com.teampotato.redirector.Redirector/]: Redirecting twilightforest/enums/TwilightArmorMaterial
[13Jan2025 04:10:13.834] [main/INFO] [com.teampotato.redirector.Redirector/]: Redirecting twilightforest/entity/TwilightBoat$Type
[13Jan2025 04:10:13.851] [main/INFO] [com.teampotato.redirector.Redirector/]: Redirecting com/github/L_Ender/cataclysm/items/ModItemTier
[13Jan2025 04:10:13.855] [main/INFO] [com.teampotato.redirector.Redirector/]: Redirecting com/github/L_Ender/cataclysm/items/Armortier
[13Jan2025 04:10:13.861] [main/INFO] [com.teampotato.redirector.Redirector/]: Redirecting yesman/epicfight/world/item/EpicFightItemTier
[13Jan2025 04:10:13.862] [main/INFO] [com.teampotato.redirector.Redirector/]: Redirecting yesman/epicfight/world/item/EpicFightArmorMaterials
[13Jan2025 04:10:13.865] [main/INFO] [com.teampotato.redirector.Redirector/]: Redirecting reascer/wom/world/item/WomArmorMaterials
[13Jan2025 04:10:13.869] [main/INFO] [com.teampotato.redirector.Redirector/]: Redirecting com/tiviacz/travelersbackpack/items/UpgradeItem$Upgrade
[13Jan2025 04:10:13.871] [main/INFO] [com.teampotato.redirector.Redirector/]: Redirecting com/github/alexthe666/iceandfire/item/ItemDragonArmor$DragonArmorType
[13Jan2025 04:10:14.398] [main/INFO] [ModernFix/]: Bypassed Mojang DFU
[13Jan2025 04:10:14.399] [main/INFO] [ModernFix/]: Instantiating Mojang DFU
[13Jan2025 04:10:14.963] [main/INFO] [com.teampotato.redirector.Redirector/]: Redirecting doggytalents/api/registry/Accessory$AccessoryRenderType
[13Jan2025 04:10:14.968] [main/INFO] [com.teampotato.redirector.Redirector/]: Redirecting doggytalents/common/entity/accessory/FieryReflector$Type
[13Jan2025 04:10:15.013] [main/INFO] [com.teampotato.redirector.Redirector/]: Redirecting yesman/epicfight/world/damagesource/StunType
[13Jan2025 04:10:15.038] [main/INFO] [com.teampotato.redirector.Redirector/]: Redirecting reascer/wom/world/capabilities/item/WOMWeaponCategories
[13Jan2025 04:10:15.130] [main/INFO] [com.teampotato.redirector.Redirector/]: Redirecting net/minecraft/world/Difficulty
[13Jan2025 04:10:15.176] [main/INFO] [com.teampotato.redirector.Redirector/]: Redirecting net/minecraft/world/item/ItemStack$TooltipPart
[13Jan2025 04:10:15.192] [main/WARN] [net.minecraft.network.syncher.SynchedEntityData/]: defineId called for: class net.minecraft.world.entity.player.Player from class yesman.epicfight.world.capabilities.entitypatch.player.PlayerPatch
[13Jan2025 04:10:15.285] [main/WARN] [net.minecraft.network.syncher.SynchedEntityData/]: defineId called for: class net.minecraft.world.entity.boss.wither.WitherBoss from class yesman.epicfight.world.capabilities.entitypatch.boss.WitherPatch
[13Jan2025 04:10:15.286] [main/WARN] [net.minecraft.network.syncher.SynchedEntityData/]: defineId called for: class net.minecraft.world.entity.boss.wither.WitherBoss from class yesman.epicfight.world.capabilities.entitypatch.boss.WitherPatch
[13Jan2025 04:10:15.286] [main/WARN] [net.minecraft.network.syncher.SynchedEntityData/]: defineId called for: class net.minecraft.world.entity.boss.wither.WitherBoss from class yesman.epicfight.world.capabilities.entitypatch.boss.WitherPatch
[13Jan2025 04:10:15.286] [main/WARN] [net.minecraft.network.syncher.SynchedEntityData/]: defineId called for: class net.minecraft.world.entity.boss.wither.WitherBoss from class yesman.epicfight.world.capabilities.entitypatch.boss.WitherPatch
[13Jan2025 04:10:15.286] [main/WARN] [net.minecraft.network.syncher.SynchedEntityData/]: defineId called for: class net.minecraft.world.entity.boss.wither.WitherBoss from class yesman.epicfight.world.capabilities.entitypatch.boss.WitherPatch
[13Jan2025 04:10:15.286] [main/WARN] [net.minecraft.network.syncher.SynchedEntityData/]: defineId called for: class net.minecraft.world.entity.boss.wither.WitherBoss from class yesman.epicfight.world.capabilities.entitypatch.boss.WitherPatch
[13Jan2025 04:10:15.287] [main/WARN] [net.minecraft.network.syncher.SynchedEntityData/]: defineId called for: class net.minecraft.world.entity.boss.wither.WitherBoss from class yesman.epicfight.world.capabilities.entitypatch.boss.WitherPatch
[13Jan2025 04:10:15.287] [main/WARN] [net.minecraft.network.syncher.SynchedEntityData/]: defineId called for: class net.minecraft.world.entity.boss.wither.WitherBoss from class yesman.epicfight.world.capabilities.entitypatch.boss.WitherPatch
[13Jan2025 04:10:15.287] [main/WARN] [net.minecraft.network.syncher.SynchedEntityData/]: defineId called for: class net.minecraft.world.entity.boss.wither.WitherBoss from class yesman.epicfight.world.capabilities.entitypatch.boss.WitherPatch
[13Jan2025 04:10:15.295] [main/INFO] [com.teampotato.redirector.Redirector/]: Redirecting net/minecraftforge/event/entity/SpawnPlacementRegisterEvent$Operation
[13Jan2025 04:10:15.555] [main/INFO] [com.teampotato.redirector.Redirector/]: Redirecting tschipp/carryon/client/modeloverride/ModelOverride$Type
[13Jan2025 04:10:15.569] [main/INFO] [com.teampotato.redirector.Redirector/]: Redirecting com/github/alexthe666/citadel/config/biome/BiomeEntryType
[13Jan2025 04:10:15.610] [main/INFO] [com.teampotato.redirector.Redirector/]: Redirecting com/github/L_Ender/lionfishapi/config/biome/BiomeEntryType
[13Jan2025 04:10:15.693] [Thread-0/INFO] [ModernFix/]: Please use /mfsrc to reload any changed mod config files
[13Jan2025 04:10:15.790] [modloading-worker-0/INFO] [com.connectivity.Connectivity/]: Connectivity initialized
[13Jan2025 04:10:15.791] [modloading-worker-0/INFO] [com.gpumemleakfix.Gpumemleakfix/]: gpumemleakfix mod initialized
[13Jan2025 04:10:15.791] [modloading-worker-0/INFO] [com.structureessentials.StructureEssentials/]: structureessentials mod initialized
[13Jan2025 04:10:15.889] [modloading-worker-0/INFO] [com.teampotato.redirector.Redirector/]: Redirecting com/natamus/collective_common_forge/implementations/networking/data/Side
[13Jan2025 04:10:15.896] [modloading-worker-0/INFO] [com.teampotato.redirector.Redirector/]: Redirecting top/theillusivec4/curios/api/type/capability/ICurio$DropRule
[13Jan2025 04:10:15.898] [modloading-worker-0/INFO] [com.teampotato.redirector.Redirector/]: Redirecting top/theillusivec4/curios/common/network/server/sync/SPacketSyncStack$HandlerType
[13Jan2025 04:10:15.919] [modloading-worker-0/INFO] [com.teampotato.redirector.Redirector/]: Redirecting mezz/jei/common/network/PacketIdServer
[13Jan2025 04:10:15.924] [modloading-worker-0/INFO] [com.teampotato.redirector.Redirector/]: Redirecting mezz/jei/common/config/GiveMode
[13Jan2025 04:10:15.940] [modloading-worker-0/INFO] [com.teampotato.redirector.Redirector/]: Redirecting com/velocitypowered/natives/util/NativeCodeLoader$Status
[13Jan2025 04:10:15.950] [modloading-worker-0/INFO] [com.chunksending.ChunkSending/]: chunksending mod initialized
[13Jan2025 04:10:15.952] [modloading-worker-0/INFO] [me.steinborn.krypton.mod.shared.Krypton/]: Compression will use libdeflate (Linux x86_64), encryption will use OpenSSL 1.1.x (Linux x86_64)
[13Jan2025 04:10:15.972] [main/INFO] [com.teampotato.redirector.Redirector/]: Redirecting com/izofar/takesapillage/world/PillageSiege$State
[13Jan2025 04:10:15.973] [main/INFO] [com.teampotato.redirector.Redirector/]: Redirecting net/minecraft/world/entity/raid/Raid$RaiderType
[13Jan2025 04:10:15.975] [Forge Version Check/INFO] [net.minecraftforge.fml.VersionChecker/]: [doggytalents] Starting version check at https://raw.githubusercontent.com/DashieDev/DoggyTalentsNext/0d05eaff7c4b588831ca6480f737187f44dda820/check_for_update/update.json
[13Jan2025 04:10:16.018] [main/INFO] [com.teampotato.redirector.Redirector/]: Redirecting yesman/epicfight/network/client/CPExecuteSkill$WorkType
[13Jan2025 04:10:16.026] [main/INFO] [com.teampotato.redirector.Redirector/]: Redirecting yesman/epicfight/network/server/SPSkillExecutionFeedback$FeedbackType
[13Jan2025 04:10:16.029] [main/INFO] [com.teampotato.redirector.Redirector/]: Redirecting yesman/epicfight/network/server/SPSetSkillValue$Target
[13Jan2025 04:10:16.030] [main/INFO] [com.teampotato.redirector.Redirector/]: Redirecting yesman/epicfight/network/server/SPModifyPlayerData$PacketType
[13Jan2025 04:10:16.034] [main/INFO] [com.teampotato.redirector.Redirector/]: Redirecting yesman/epicfight/network/server/SPPotion$Action
[13Jan2025 04:10:16.040] [main/INFO] [com.teampotato.redirector.Redirector/]: Redirecting yesman/epicfight/network/server/SPDatapackSync$Type
[13Jan2025 04:10:16.044] [main/INFO] [com.teampotato.redirector.Redirector/]: Redirecting yesman/epicfight/network/server/SPAddOrRemoveSkillData$AddRemove
[13Jan2025 04:10:16.070] [main/INFO] [com.tiviacz.travelersbackpack.TravelersBackpack/]: Registered the FluidEffect with Unique ID of minecraft:water for Water (Fluid Amount Required: 1000) with the ID 0
[13Jan2025 04:10:16.071] [main/INFO] [com.tiviacz.travelersbackpack.TravelersBackpack/]: Registered the FluidEffect with Unique ID of minecraft:lava for Lava (Fluid Amount Required: 1000) with the ID 1
[13Jan2025 04:10:16.071] [main/INFO] [com.tiviacz.travelersbackpack.TravelersBackpack/]: Registered the FluidEffect with Unique ID of travelersbackpack:potion for Uncraftable Potion (Fluid Amount Required: 250) with the ID 2
[13Jan2025 04:10:16.071] [main/INFO] [com.tiviacz.travelersbackpack.TravelersBackpack/]: Registered the FluidEffect with Unique ID of minecraft:milk for Milk (Fluid Amount Required: 1000) with the ID 3
[13Jan2025 04:10:16.098] [Forge Version Check/INFO] [net.minecraftforge.fml.VersionChecker/]: [doggytalents] Found status: BETA Current: 1.18.38 Target: 1.17.2
[13Jan2025 04:10:16.098] [Forge Version Check/INFO] [net.minecraftforge.fml.VersionChecker/]: [controlling] Starting version check at https://updates.blamejared.com/get?n=controlling&gv=1.20.1
[13Jan2025 04:10:16.166] [modloading-worker-0/INFO] [xaero.map.server.WorldMapServer/]: Loading Xaero's World Map - Stage 1/2 (Server)
[13Jan2025 04:10:16.167] [modloading-worker-0/INFO] [xaero.minimap.XaeroMinimap/]: Loading Xaero's Minimap - Stage 1/2 (Server)
[13Jan2025 04:10:16.191] [main/INFO] [xaero.map.server.WorldMapServer/]: Loading Xaero's World Map - Stage 2/2 (Server)
[13Jan2025 04:10:16.192] [main/INFO] [xaero.minimap.XaeroMinimap/]: Loading Xaero's Minimap - Stage 2/2 (Server)
[13Jan2025 04:10:16.457] [Forge Version Check/INFO] [net.minecraftforge.fml.VersionChecker/]: [controlling] Found status: BETA Current: 12.0.2 Target: 12.0.2
[13Jan2025 04:10:16.457] [Forge Version Check/INFO] [net.minecraftforge.fml.VersionChecker/]: [guardvillagers] Starting version check at https://raw.githubusercontent.com/seymourimadeit/guardvillagers/master/update.json
[13Jan2025 04:10:16.468] [Forge Version Check/INFO] [net.minecraftforge.fml.VersionChecker/]: [guardvillagers] Found status: BETA Current: 1.20.1-1.6.7 Target: 1.20-1.6.5
[13Jan2025 04:10:16.468] [Forge Version Check/INFO] [net.minecraftforge.fml.VersionChecker/]: [sound_physics_remastered] Starting version check at https://update.maxhenkel.de/forge/sound_physics_remastered
[13Jan2025 04:10:16.481] [modloading-worker-0/INFO] [AttributeFix/]: Loaded values for 34 compatible attributes.
[13Jan2025 04:10:16.483] [modloading-worker-0/INFO] [AttributeFix/]: Loaded 34 values from config.
[13Jan2025 04:10:16.488] [modloading-worker-0/INFO] [AttributeFix/]: Saving config file. 34 entries.
[13Jan2025 04:10:16.494] [modloading-worker-0/INFO] [AttributeFix/]: Applying changes for 34 attributes.
[13Jan2025 04:10:16.504] [modloading-worker-0/INFO] [com.teampotato.redirector.Redirector/]: Redirecting snownee/jade/api/config/IWailaConfig$DisplayMode
[13Jan2025 04:10:16.506] [modloading-worker-0/INFO] [com.teampotato.redirector.Redirector/]: Redirecting snownee/jade/api/config/IWailaConfig$TTSMode
[13Jan2025 04:10:16.506] [modloading-worker-0/INFO] [com.teampotato.redirector.Redirector/]: Redirecting snownee/jade/api/config/IWailaConfig$FluidMode
[13Jan2025 04:10:16.509] [modloading-worker-0/INFO] [com.teampotato.redirector.Redirector/]: Redirecting snownee/jade/api/config/IWailaConfig$BossBarOverlapMode
[13Jan2025 04:10:16.515] [modloading-worker-0/INFO] [com.teampotato.redirector.Redirector/]: Redirecting snownee/jade/api/config/IWailaConfig$IconMode
[13Jan2025 04:10:16.534] [modloading-worker-0/INFO] [Jade/]: Start loading plugin at twilightforest.compat.jade.JadeCompat
[13Jan2025 04:10:16.540] [modloading-worker-0/INFO] [Jade/]: Start loading plugin at de.maxhenkel.corpse.integration.waila.PluginCorpse
[13Jan2025 04:10:16.542] [modloading-worker-0/INFO] [Jade/]: Start loading plugin at net.blay09.mods.waystones.compat.JadeIntegration
[13Jan2025 04:10:16.542] [modloading-worker-0/INFO] [Jade/]: Start loading plugin at snownee.jade.addon.vanilla.VanillaPlugin
[13Jan2025 04:10:16.544] [modloading-worker-0/INFO] [com.teampotato.redirector.Redirector/]: Redirecting snownee/jade/addon/vanilla/BrewingStandProvider
[13Jan2025 04:10:16.545] [modloading-worker-0/INFO] [com.teampotato.redirector.Redirector/]: Redirecting snownee/jade/addon/vanilla/BeehiveProvider
[13Jan2025 04:10:16.546] [modloading-worker-0/INFO] [com.teampotato.redirector.Redirector/]: Redirecting snownee/jade/addon/vanilla/CommandBlockProvider
[13Jan2025 04:10:16.546] [modloading-worker-0/INFO] [com.teampotato.redirector.Redirector/]: Redirecting snownee/jade/addon/vanilla/JukeboxProvider
[13Jan2025 04:10:16.547] [modloading-worker-0/INFO] [com.teampotato.redirector.Redirector/]: Redirecting snownee/jade/addon/vanilla/LecternProvider
[13Jan2025 04:10:16.548] [modloading-worker-0/INFO] [com.teampotato.redirector.Redirector/]: Redirecting snownee/jade/addon/vanilla/RedstoneProvider
[13Jan2025 04:10:16.549] [modloading-worker-0/INFO] [com.teampotato.redirector.Redirector/]: Redirecting snownee/jade/addon/vanilla/FurnaceProvider
[13Jan2025 04:10:16.550] [modloading-worker-0/INFO] [com.teampotato.redirector.Redirector/]: Redirecting snownee/jade/addon/vanilla/ChiseledBookshelfProvider
[13Jan2025 04:10:16.551] [modloading-worker-0/INFO] [com.teampotato.redirector.Redirector/]: Redirecting snownee/jade/addon/universal/ItemStorageProvider
[13Jan2025 04:10:16.553] [modloading-worker-0/INFO] [com.teampotato.redirector.Redirector/]: Redirecting snownee/jade/addon/vanilla/AnimalOwnerProvider
[13Jan2025 04:10:16.554] [modloading-worker-0/INFO] [com.teampotato.redirector.Redirector/]: Redirecting snownee/jade/addon/vanilla/StatusEffectsProvider
[13Jan2025 04:10:16.555] [modloading-worker-0/INFO] [com.teampotato.redirector.Redirector/]: Redirecting snownee/jade/addon/vanilla/MobGrowthProvider
[13Jan2025 04:10:16.555] [modloading-worker-0/INFO] [com.teampotato.redirector.Redirector/]: Redirecting snownee/jade/addon/vanilla/MobBreedingProvider
[13Jan2025 04:10:16.556] [modloading-worker-0/INFO] [com.teampotato.redirector.Redirector/]: Redirecting snownee/jade/addon/vanilla/ChickenEggProvider
[13Jan2025 04:10:16.556] [modloading-worker-0/INFO] [com.teampotato.redirector.Redirector/]: Redirecting snownee/jade/addon/vanilla/ZombieVillagerProvider
[13Jan2025 04:10:16.557] [modloading-worker-0/INFO] [com.teampotato.redirector.Redirector/]: Redirecting snownee/jade/addon/vanilla/CampfireProvider
[13Jan2025 04:10:16.558] [modloading-worker-0/INFO] [Jade/]: Start loading plugin at snownee.jade.addon.universal.UniversalPlugin
[13Jan2025 04:10:16.558] [modloading-worker-0/INFO] [com.teampotato.redirector.Redirector/]: Redirecting snownee/jade/addon/universal/EntityItemStorageProvider
[13Jan2025 04:10:16.559] [modloading-worker-0/INFO] [com.teampotato.redirector.Redirector/]: Redirecting snownee/jade/addon/universal/FluidStorageProvider
[13Jan2025 04:10:16.560] [modloading-worker-0/INFO] [com.teampotato.redirector.Redirector/]: Redirecting snownee/jade/addon/universal/EntityFluidStorageProvider
[13Jan2025 04:10:16.560] [modloading-worker-0/INFO] [com.teampotato.redirector.Redirector/]: Redirecting snownee/jade/addon/universal/EnergyStorageProvider
[13Jan2025 04:10:16.561] [modloading-worker-0/INFO] [com.teampotato.redirector.Redirector/]: Redirecting snownee/jade/addon/universal/EntityEnergyStorageProvider
[13Jan2025 04:10:16.562] [modloading-worker-0/INFO] [com.teampotato.redirector.Redirector/]: Redirecting snownee/jade/addon/universal/ProgressProvider
[13Jan2025 04:10:16.563] [modloading-worker-0/INFO] [com.teampotato.redirector.Redirector/]: Redirecting snownee/jade/addon/universal/EntityProgressProvider
[13Jan2025 04:10:16.563] [modloading-worker-0/INFO] [Jade/]: Start loading plugin at snownee.jade.addon.core.CorePlugin
[13Jan2025 04:10:16.564] [modloading-worker-0/INFO] [com.teampotato.redirector.Redirector/]: Redirecting snownee/jade/addon/core/RegistryNameProvider$Mode
[13Jan2025 04:10:16.565] [modloading-worker-0/INFO] [com.teampotato.redirector.Redirector/]: Redirecting snownee/jade/addon/core/ObjectNameProvider
[13Jan2025 04:10:16.784] [main/INFO] [com.teampotato.redirector.Redirector/]: Redirecting org/embeddedt/modernfix/util/BakeReason
[13Jan2025 04:10:17.160] [main/INFO] [com.teampotato.redirector.Redirector/]: Redirecting net/minecraft/world/level/GameType
[13Jan2025 04:10:17.186] [main/INFO] [com.mojang.authlib.yggdrasil.YggdrasilAuthenticationService/]: Environment: authHost='https://authserver.mojang.com', accountsHost='https://api.mojang.com', sessionHost='https://sessionserver.mojang.com', servicesHost='https://api.minecraftservices.com', name='PROD'
[13Jan2025 04:10:17.347] [Forge Version Check/INFO] [net.minecraftforge.fml.VersionChecker/]: [sound_physics_remastered] Found status: AHEAD Current: 1.20.1-1.4.8 Target: null
[13Jan2025 04:10:17.349] [Forge Version Check/INFO] [net.minecraftforge.fml.VersionChecker/]: [twilightforest] Starting version check at https://gh.tamaized.com/TeamTwilight/twilightforest/update.json
[13Jan2025 04:10:17.499] [main/INFO] [com.teampotato.redirector.Redirector/]: Redirecting net/minecraft/nbt/StreamTagVisitor$ValueResult
[13Jan2025 04:10:17.500] [main/INFO] [com.teampotato.redirector.Redirector/]: Redirecting net/minecraft/nbt/StreamTagVisitor$EntryResult
[13Jan2025 04:10:17.658] [Forge Version Check/INFO] [net.minecraftforge.fml.VersionChecker/]: [twilightforest] Found status: AHEAD Current: 4.3.2508 Target: null
[13Jan2025 04:10:17.659] [Forge Version Check/INFO] [net.minecraftforge.fml.VersionChecker/]: [diagonalblocks] Starting version check at https://raw.githubusercontent.com/Fuzss/modresources/main/update/diagonalblocks.json
[13Jan2025 04:10:17.665] [main/INFO] [com.teampotato.redirector.Redirector/]: Redirecting net/minecraft/util/datafix/DataFixTypes
[13Jan2025 04:10:17.669] [Forge Version Check/INFO] [net.minecraftforge.fml.VersionChecker/]: [diagonalblocks] Found status: BETA Current: 8.0.6 Target: null
[13Jan2025 04:10:17.669] [Forge Version Check/INFO] [net.minecraftforge.fml.VersionChecker/]: [corpse] Starting version check at https://update.maxhenkel.de/forge/corpse
[13Jan2025 04:10:17.692] [main/WARN] [net.minecraft.server.packs.VanillaPackResourcesBuilder/]: Assets URL 'union:/workspaces/Pachorrix-Soul-s-Craft/servidor_minecraft/libraries/net/minecraft/server/1.20.1-20230612.114412/server-1.20.1-20230612.114412-srg.jar%23321!/assets/.mcassetsroot' uses unexpected schema
[13Jan2025 04:10:17.693] [main/WARN] [net.minecraft.server.packs.VanillaPackResourcesBuilder/]: Assets URL 'union:/workspaces/Pachorrix-Soul-s-Craft/servidor_minecraft/libraries/net/minecraft/server/1.20.1-20230612.114412/server-1.20.1-20230612.114412-srg.jar%23321!/data/.mcassetsroot' uses unexpected schema
[13Jan2025 04:10:17.756] [main/INFO] [com.teampotato.redirector.Redirector/]: Redirecting net/minecraft/server/packs/repository/Pack$Position
[13Jan2025 04:10:17.758] [main/INFO] [com.teampotato.redirector.Redirector/]: Redirecting net/minecraft/server/packs/repository/PackCompatibility
[13Jan2025 04:10:17.774] [Forge Version Check/INFO] [net.minecraftforge.fml.VersionChecker/]: [corpse] Found status: AHEAD Current: 1.20.1-1.0.19 Target: null
[13Jan2025 04:10:17.775] [Forge Version Check/INFO] [net.minecraftforge.fml.VersionChecker/]: [searchables] Starting version check at https://updates.blamejared.com/get?n=searchables&gv=1.20.1
[13Jan2025 04:10:17.877] [Forge Version Check/INFO] [net.minecraftforge.fml.VersionChecker/]: [searchables] Found status: BETA Current: 1.0.3 Target: 1.0.3
[13Jan2025 04:10:17.878] [Forge Version Check/INFO] [net.minecraftforge.fml.VersionChecker/]: [gamemenumodoption] Starting version check at https://raw.githubusercontent.com/MORIMORI0317/GameMenuModOption/master/version_check.json
[13Jan2025 04:10:17.883] [main/INFO] [com.teampotato.redirector.Redirector/]: Redirecting net/minecraft/server/RegistryLayer
[13Jan2025 04:10:17.887] [Forge Version Check/INFO] [net.minecraftforge.fml.VersionChecker/]: [gamemenumodoption] Found status: UP_TO_DATE Current: 2.2.1 Target: null
[13Jan2025 04:10:17.887] [Forge Version Check/INFO] [net.minecraftforge.fml.VersionChecker/]: [radium] Starting version check at https://api.modrinth.com/updates/radium/forge_updates.json
[13Jan2025 04:10:17.998] [Forge Version Check/INFO] [net.minecraftforge.fml.VersionChecker/]: [radium] Found status: AHEAD Current: 0.12.4+git.26c9d8e Target: null
[13Jan2025 04:10:17.999] [Forge Version Check/INFO] [net.minecraftforge.fml.VersionChecker/]: [easymagic] Starting version check at https://raw.githubusercontent.com/Fuzss/modresources/main/update/easymagic.json
[13Jan2025 04:10:18.009] [Forge Version Check/INFO] [net.minecraftforge.fml.VersionChecker/]: [easymagic] Found status: UP_TO_DATE Current: 8.0.1 Target: null
[13Jan2025 04:10:18.009] [Forge Version Check/INFO] [net.minecraftforge.fml.VersionChecker/]: [visualworkbench] Starting version check at https://raw.githubusercontent.com/Fuzss/modresources/main/update/visualworkbench.json
[13Jan2025 04:10:18.020] [Forge Version Check/INFO] [net.minecraftforge.fml.VersionChecker/]: [visualworkbench] Found status: UP_TO_DATE Current: 8.0.0 Target: null
[13Jan2025 04:10:18.020] [Forge Version Check/INFO] [net.minecraftforge.fml.VersionChecker/]: [attributefix] Starting version check at https://updates.blamejared.com/get?n=attributefix&gv=1.20.1
[13Jan2025 04:10:18.125] [Forge Version Check/INFO] [net.minecraftforge.fml.VersionChecker/]: [attributefix] Found status: BETA Current: 21.0.4 Target: 21.0.4
[13Jan2025 04:10:18.125] [Forge Version Check/INFO] [net.minecraftforge.fml.VersionChecker/]: [clumps] Starting version check at https://updates.blamejared.com/get?n=clumps&gv=1.20.1
[13Jan2025 04:10:18.227] [Forge Version Check/INFO] [net.minecraftforge.fml.VersionChecker/]: [clumps] Found status: BETA Current: 12.0.0.4 Target: 12.0.0.4
[13Jan2025 04:10:18.227] [Forge Version Check/INFO] [net.minecraftforge.fml.VersionChecker/]: [travelersbackpack] Starting version check at https://gist.githubusercontent.com/Tiviacz1337/906937677aa472285dff9d6c2a189d5e/raw
[13Jan2025 04:10:18.286] [Forge Version Check/INFO] [net.minecraftforge.fml.VersionChecker/]: [travelersbackpack] Found status: UP_TO_DATE Current: 9.1.16 Target: null
[13Jan2025 04:10:18.287] [Forge Version Check/INFO] [net.minecraftforge.fml.VersionChecker/]: [puzzlesaccessapi] Starting version check at https://raw.githubusercontent.com/Fuzss/modresources/main/update/puzzlesaccessapi.json
[13Jan2025 04:10:18.299] [Forge Version Check/INFO] [net.minecraftforge.fml.VersionChecker/]: [puzzlesaccessapi] Found status: BETA Current: 8.0.7 Target: null
[13Jan2025 04:10:18.299] [Forge Version Check/INFO] [net.minecraftforge.fml.VersionChecker/]: [forge] Starting version check at https://files.minecraftforge.net/net/minecraftforge/forge/promotions_slim.json
[13Jan2025 04:10:18.387] [Forge Version Check/INFO] [net.minecraftforge.fml.VersionChecker/]: [forge] Found status: OUTDATED Current: 47.3.7 Target: 47.3.22
[13Jan2025 04:10:18.388] [Forge Version Check/INFO] [net.minecraftforge.fml.VersionChecker/]: [commonality] Starting version check at https://api.modrinth.com/updates/apexcore/forge_updates.json
[13Jan2025 04:10:18.435] [Forge Version Check/INFO] [net.minecraftforge.fml.VersionChecker/]: [commonality] Found status: OUTDATED Current: 7.0.0 Target: 10.0.0
[13Jan2025 04:10:18.436] [Forge Version Check/INFO] [net.minecraftforge.fml.VersionChecker/]: [diagonalfences] Starting version check at https://raw.githubusercontent.com/Fuzss/modresources/main/update/diagonalfences.json
[13Jan2025 04:10:18.454] [Forge Version Check/INFO] [net.minecraftforge.fml.VersionChecker/]: [diagonalfences] Found status: UP_TO_DATE Current: 8.1.5 Target: null
[13Jan2025 04:10:18.454] [Forge Version Check/INFO] [net.minecraftforge.fml.VersionChecker/]: [apexcore] Starting version check at https://api.modrinth.com/updates/apexcore/forge_updates.json
[13Jan2025 04:10:18.490] [Forge Version Check/INFO] [net.minecraftforge.fml.VersionChecker/]: [apexcore] Found status: UP_TO_DATE Current: 10.0.0 Target: null
[13Jan2025 04:10:18.490] [Forge Version Check/INFO] [net.minecraftforge.fml.VersionChecker/]: [fantasyfurniture] Starting version check at https://api.modrinth.com/updates/fantasy-furniture/forge_updates.json
[13Jan2025 04:10:18.522] [Forge Version Check/INFO] [net.minecraftforge.fml.VersionChecker/]: [fantasyfurniture] Found status: UP_TO_DATE Current: 9.0.0 Target: null
[13Jan2025 04:10:18.522] [Forge Version Check/INFO] [net.minecraftforge.fml.VersionChecker/]: [puzzleslib] Starting version check at https://raw.githubusercontent.com/Fuzss/modresources/main/update/puzzleslib.json
[13Jan2025 04:10:18.532] [Forge Version Check/INFO] [net.minecraftforge.fml.VersionChecker/]: [puzzleslib] Found status: UP_TO_DATE Current: 8.1.25 Target: null
[13Jan2025 04:10:18.988] [main/INFO] [com.teampotato.redirector.Redirector/]: Redirecting net/minecraft/world/level/levelgen/DensityFunctions$MulOrAdd$Type
[13Jan2025 04:10:19.268] [main/INFO] [com.teampotato.redirector.Redirector/]: Redirecting twilightforest/world/components/layer/vanillalegacy/SmoothLayer
[13Jan2025 04:10:19.272] [main/INFO] [com.teampotato.redirector.Redirector/]: Redirecting twilightforest/world/components/layer/vanillalegacy/ZoomLayer
[13Jan2025 04:10:19.275] [main/INFO] [com.teampotato.redirector.Redirector/]: Redirecting twilightforest/world/components/layer/StabilizeLayer
[13Jan2025 04:10:19.597] [main/INFO] [com.teampotato.redirector.Redirector/]: Redirecting net/minecraft/world/level/storage/PrimaryLevelData$SpecialWorldProperty
[13Jan2025 04:10:19.623] [main/INFO] [com.teampotato.redirector.Redirector/]: Redirecting net/minecraft/world/level/storage/loot/LootContext$EntityTarget
[13Jan2025 04:10:19.628] [main/INFO] [com.teampotato.redirector.Redirector/]: Redirecting net/minecraft/commands/CommandBuildContext$MissingTagAccessPolicy
[13Jan2025 04:10:19.726] [main/INFO] [com.teampotato.redirector.Redirector/]: Redirecting net/minecraft/sounds/SoundSource
[13Jan2025 04:10:19.760] [main/INFO] [com.teampotato.redirector.Redirector/]: Redirecting net/minecraft/network/chat/ClickEvent$Action
[13Jan2025 04:10:19.885] [main/INFO] [com.teampotato.redirector.Redirector/]: Redirecting yesman/epicfight/server/commands/PlayerStaminaCommand$Operation
[13Jan2025 04:10:19.917] [main/INFO] [com.github.alexthe666.alexsmobs.AlexsMobs/]: Adding datapack listener capsid_recipes
[13Jan2025 04:10:20.403] [Worker-Main-2/INFO] [com.teampotato.redirector.Redirector/]: Redirecting net/minecraft/world/level/storage/loot/functions/CopyNbtFunction$MergeStrategy
[13Jan2025 04:10:20.450] [Worker-Main-3/INFO] [epicfight/]: Register animations from epicfight
[13Jan2025 04:10:20.457] [Worker-Main-2/INFO] [com.teampotato.redirector.Redirector/]: Redirecting net/minecraft/world/entity/animal/axolotl/Axolotl$Variant
[13Jan2025 04:10:20.459] [Worker-Main-2/INFO] [com.teampotato.redirector.Redirector/]: Redirecting net/minecraft/world/entity/animal/Fox$Type
[13Jan2025 04:10:20.460] [Worker-Main-2/INFO] [com.teampotato.redirector.Redirector/]: Redirecting net/minecraft/world/entity/animal/MushroomCow$MushroomType
[13Jan2025 04:10:20.462] [Worker-Main-2/INFO] [com.teampotato.redirector.Redirector/]: Redirecting net/minecraft/world/entity/animal/Rabbit$Variant
[13Jan2025 04:10:20.463] [Worker-Main-2/INFO] [com.teampotato.redirector.Redirector/]: Redirecting net/minecraft/world/entity/animal/horse/Variant
[13Jan2025 04:10:20.464] [Worker-Main-2/INFO] [com.teampotato.redirector.Redirector/]: Redirecting net/minecraft/world/entity/animal/horse/Llama$Variant
[13Jan2025 04:10:20.466] [Worker-Main-2/INFO] [com.teampotato.redirector.Redirector/]: Redirecting net/minecraft/world/entity/animal/Parrot$Variant
[13Jan2025 04:10:20.467] [Worker-Main-2/INFO] [com.teampotato.redirector.Redirector/]: Redirecting net/minecraft/world/entity/animal/TropicalFish$Pattern
[13Jan2025 04:10:20.468] [Worker-Main-2/INFO] [com.teampotato.redirector.Redirector/]: Redirecting net/minecraft/world/entity/animal/TropicalFish$Base
[13Jan2025 04:10:20.479] [Worker-Main-1/ERROR] [net.minecraft.server.packs.resources.SimpleJsonResourceReloadListener/]: Couldn't parse data file l2weaponry:weapons/cloggrum_battle_axe from l2weaponry:capabilities/weapons/cloggrum_battle_axe.json
com.google.gson.JsonParseException: java.io.EOFException: End of input at line 1 column 1 path $
	at net.minecraft.util.GsonHelper.m_13780_(GsonHelper.java:526) ~[server-1.20.1-20230612.114412-srg.jar%23321!/:?]
	at net.minecraft.util.GsonHelper.m_263475_(GsonHelper.java:531) ~[server-1.20.1-20230612.114412-srg.jar%23321!/:?]
	at net.minecraft.util.GsonHelper.m_13776_(GsonHelper.java:581) ~[server-1.20.1-20230612.114412-srg.jar%23321!/:?]
	at net.minecraft.server.packs.resources.SimpleJsonResourceReloadListener.m_278771_(SimpleJsonResourceReloadListener.java:41) ~[server-1.20.1-20230612.114412-srg.jar%23321!/:?]
	at net.minecraft.server.packs.resources.SimpleJsonResourceReloadListener.m_5944_(SimpleJsonResourceReloadListener.java:29) ~[server-1.20.1-20230612.114412-srg.jar%23321!/:?]
	at yesman.epicfight.api.data.reloader.ItemCapabilityReloadListener.m_5944_(ItemCapabilityReloadListener.java:63) ~[epicfight-forge-20.9.6-1.20.1.jar%23250!/:20.9.6]
	at yesman.epicfight.api.data.reloader.ItemCapabilityReloadListener.m_5944_(ItemCapabilityReloadListener.java:48) ~[epicfight-forge-20.9.6-1.20.1.jar%23250!/:20.9.6]
	at net.minecraft.server.packs.resources.SimplePreparableReloadListener.m_10786_(SimplePreparableReloadListener.java:11) ~[server-1.20.1-20230612.114412-srg.jar%23321!/:?]
	at java.util.concurrent.CompletableFuture$AsyncSupply.run(CompletableFuture.java:1768) ~[?:?]
	at java.util.concurrent.CompletableFuture$AsyncSupply.exec(CompletableFuture.java:1760) ~[?:?]
	at java.util.concurrent.ForkJoinTask.doExec(ForkJoinTask.java:373) ~[?:?]
	at java.util.concurrent.ForkJoinPool$WorkQueue.topLevelExec(ForkJoinPool.java:1182) ~[?:?]
	at java.util.concurrent.ForkJoinPool.scan(ForkJoinPool.java:1655) ~[?:?]
	at java.util.concurrent.ForkJoinPool.runWorker(ForkJoinPool.java:1622) ~[?:?]
	at java.util.concurrent.ForkJoinWorkerThread.run(ForkJoinWorkerThread.java:165) ~[?:?]
Caused by: java.io.EOFException: End of input at line 1 column 1 path $
	at com.google.gson.stream.JsonReader.nextNonWhitespace(JsonReader.java:1455) ~[gson-2.10.jar%2372!/:?]
	at com.google.gson.stream.JsonReader.doPeek(JsonReader.java:558) ~[gson-2.10.jar%2372!/:?]
	at com.google.gson.stream.JsonReader.peek(JsonReader.java:433) ~[gson-2.10.jar%2372!/:?]
	at com.google.gson.internal.bind.TypeAdapters$28.read(TypeAdapters.java:769) ~[gson-2.10.jar%2372!/:?]
	at com.google.gson.internal.bind.TypeAdapters$28.read(TypeAdapters.java:725) ~[gson-2.10.jar%2372!/:?]
	at com.google.gson.internal.bind.TypeAdapters$34$1.read(TypeAdapters.java:1007) ~[gson-2.10.jar%2372!/:?]
	at net.minecraft.util.GsonHelper.m_13780_(GsonHelper.java:524) ~[server-1.20.1-20230612.114412-srg.jar%23321!/:?]
	... 14 more
[13Jan2025 04:10:20.484] [Worker-Main-1/ERROR] [net.minecraft.server.packs.resources.SimpleJsonResourceReloadListener/]: Couldn't parse data file l2weaponry:weapons/cloggrum_dagger from l2weaponry:capabilities/weapons/cloggrum_dagger.json
com.google.gson.JsonParseException: java.io.EOFException: End of input at line 1 column 1 path $
	at net.minecraft.util.GsonHelper.m_13780_(GsonHelper.java:526) ~[server-1.20.1-20230612.114412-srg.jar%23321!/:?]
	at net.minecraft.util.GsonHelper.m_263475_(GsonHelper.java:531) ~[server-1.20.1-20230612.114412-srg.jar%23321!/:?]
	at net.minecraft.util.GsonHelper.m_13776_(GsonHelper.java:581) ~[server-1.20.1-20230612.114412-srg.jar%23321!/:?]
	at net.minecraft.server.packs.resources.SimpleJsonResourceReloadListener.m_278771_(SimpleJsonResourceReloadListener.java:41) ~[server-1.20.1-20230612.114412-srg.jar%23321!/:?]
	at net.minecraft.server.packs.resources.SimpleJsonResourceReloadListener.m_5944_(SimpleJsonResourceReloadListener.java:29) ~[server-1.20.1-20230612.114412-srg.jar%23321!/:?]
	at yesman.epicfight.api.data.reloader.ItemCapabilityReloadListener.m_5944_(ItemCapabilityReloadListener.java:63) ~[epicfight-forge-20.9.6-1.20.1.jar%23250!/:20.9.6]
	at yesman.epicfight.api.data.reloader.ItemCapabilityReloadListener.m_5944_(ItemCapabilityReloadListener.java:48) ~[epicfight-forge-20.9.6-1.20.1.jar%23250!/:20.9.6]
	at net.minecraft.server.packs.resources.SimplePreparableReloadListener.m_10786_(SimplePreparableReloadListener.java:11) ~[server-1.20.1-20230612.114412-srg.jar%23321!/:?]
	at java.util.concurrent.CompletableFuture$AsyncSupply.run(CompletableFuture.java:1768) ~[?:?]
	at java.util.concurrent.CompletableFuture$AsyncSupply.exec(CompletableFuture.java:1760) ~[?:?]
	at java.util.concurrent.ForkJoinTask.doExec(ForkJoinTask.java:373) ~[?:?]
	at java.util.concurrent.ForkJoinPool$WorkQueue.topLevelExec(ForkJoinPool.java:1182) ~[?:?]
	at java.util.concurrent.ForkJoinPool.scan(ForkJoinPool.java:1655) ~[?:?]
	at java.util.concurrent.ForkJoinPool.runWorker(ForkJoinPool.java:1622) ~[?:?]
	at java.util.concurrent.ForkJoinWorkerThread.run(ForkJoinWorkerThread.java:165) ~[?:?]
Caused by: java.io.EOFException: End of input at line 1 column 1 path $
	at com.google.gson.stream.JsonReader.nextNonWhitespace(JsonReader.java:1455) ~[gson-2.10.jar%2372!/:?]
	at com.google.gson.stream.JsonReader.doPeek(JsonReader.java:558) ~[gson-2.10.jar%2372!/:?]
	at com.google.gson.stream.JsonReader.peek(JsonReader.java:433) ~[gson-2.10.jar%2372!/:?]
	at com.google.gson.internal.bind.TypeAdapters$28.read(TypeAdapters.java:769) ~[gson-2.10.jar%2372!/:?]
	at com.google.gson.internal.bind.TypeAdapters$28.read(TypeAdapters.java:725) ~[gson-2.10.jar%2372!/:?]
	at com.google.gson.internal.bind.TypeAdapters$34$1.read(TypeAdapters.java:1007) ~[gson-2.10.jar%2372!/:?]
	at net.minecraft.util.GsonHelper.m_13780_(GsonHelper.java:524) ~[server-1.20.1-20230612.114412-srg.jar%23321!/:?]
	... 14 more
[13Jan2025 04:10:20.486] [Worker-Main-1/ERROR] [net.minecraft.server.packs.resources.SimpleJsonResourceReloadListener/]: Couldn't parse data file l2weaponry:weapons/cloggrum_hammer from l2weaponry:capabilities/weapons/cloggrum_hammer.json
com.google.gson.JsonParseException: java.io.EOFException: End of input at line 1 column 1 path $
	at net.minecraft.util.GsonHelper.m_13780_(GsonHelper.java:526) ~[server-1.20.1-20230612.114412-srg.jar%23321!/:?]
	at net.minecraft.util.GsonHelper.m_263475_(GsonHelper.java:531) ~[server-1.20.1-20230612.114412-srg.jar%23321!/:?]
	at net.minecraft.util.GsonHelper.m_13776_(GsonHelper.java:581) ~[server-1.20.1-20230612.114412-srg.jar%23321!/:?]
	at net.minecraft.server.packs.resources.SimpleJsonResourceReloadListener.m_278771_(SimpleJsonResourceReloadListener.java:41) ~[server-1.20.1-20230612.114412-srg.jar%23321!/:?]
	at net.minecraft.server.packs.resources.SimpleJsonResourceReloadListener.m_5944_(SimpleJsonResourceReloadListener.java:29) ~[server-1.20.1-20230612.114412-srg.jar%23321!/:?]
	at yesman.epicfight.api.data.reloader.ItemCapabilityReloadListener.m_5944_(ItemCapabilityReloadListener.java:63) ~[epicfight-forge-20.9.6-1.20.1.jar%23250!/:20.9.6]
	at yesman.epicfight.api.data.reloader.ItemCapabilityReloadListener.m_5944_(ItemCapabilityReloadListener.java:48) ~[epicfight-forge-20.9.6-1.20.1.jar%23250!/:20.9.6]
	at net.minecraft.server.packs.resources.SimplePreparableReloadListener.m_10786_(SimplePreparableReloadListener.java:11) ~[server-1.20.1-20230612.114412-srg.jar%23321!/:?]
	at java.util.concurrent.CompletableFuture$AsyncSupply.run(CompletableFuture.java:1768) ~[?:?]
	at java.util.concurrent.CompletableFuture$AsyncSupply.exec(CompletableFuture.java:1760) ~[?:?]
	at java.util.concurrent.ForkJoinTask.doExec(ForkJoinTask.java:373) ~[?:?]
	at java.util.concurrent.ForkJoinPool$WorkQueue.topLevelExec(ForkJoinPool.java:1182) ~[?:?]
	at java.util.concurrent.ForkJoinPool.scan(ForkJoinPool.java:1655) ~[?:?]
	at java.util.concurrent.ForkJoinPool.runWorker(ForkJoinPool.java:1622) ~[?:?]
	at java.util.concurrent.ForkJoinWorkerThread.run(ForkJoinWorkerThread.java:165) ~[?:?]
Caused by: java.io.EOFException: End of input at line 1 column 1 path $
	at com.google.gson.stream.JsonReader.nextNonWhitespace(JsonReader.java:1455) ~[gson-2.10.jar%2372!/:?]
	at com.google.gson.stream.JsonReader.doPeek(JsonReader.java:558) ~[gson-2.10.jar%2372!/:?]
	at com.google.gson.stream.JsonReader.peek(JsonReader.java:433) ~[gson-2.10.jar%2372!/:?]
	at com.google.gson.internal.bind.TypeAdapters$28.read(TypeAdapters.java:769) ~[gson-2.10.jar%2372!/:?]
	at com.google.gson.internal.bind.TypeAdapters$28.read(TypeAdapters.java:725) ~[gson-2.10.jar%2372!/:?]
	at com.google.gson.internal.bind.TypeAdapters$34$1.read(TypeAdapters.java:1007) ~[gson-2.10.jar%2372!/:?]
	at net.minecraft.util.GsonHelper.m_13780_(GsonHelper.java:524) ~[server-1.20.1-20230612.114412-srg.jar%23321!/:?]
	... 14 more
[13Jan2025 04:10:20.487] [Worker-Main-1/ERROR] [net.minecraft.server.packs.resources.SimpleJsonResourceReloadListener/]: Couldn't parse data file l2weaponry:weapons/cloggrum_javelin from l2weaponry:capabilities/weapons/cloggrum_javelin.json
com.google.gson.JsonParseException: java.io.EOFException: End of input at line 1 column 1 path $
	at net.minecraft.util.GsonHelper.m_13780_(GsonHelper.java:526) ~[server-1.20.1-20230612.114412-srg.jar%23321!/:?]
	at net.minecraft.util.GsonHelper.m_263475_(GsonHelper.java:531) ~[server-1.20.1-20230612.114412-srg.jar%23321!/:?]
	at net.minecraft.util.GsonHelper.m_13776_(GsonHelper.java:581) ~[server-1.20.1-20230612.114412-srg.jar%23321!/:?]
	at net.minecraft.server.packs.resources.SimpleJsonResourceReloadListener.m_278771_(SimpleJsonResourceReloadListener.java:41) ~[server-1.20.1-20230612.114412-srg.jar%23321!/:?]
	at net.minecraft.server.packs.resources.SimpleJsonResourceReloadListener.m_5944_(SimpleJsonResourceReloadListener.java:29) ~[server-1.20.1-20230612.114412-srg.jar%23321!/:?]
	at yesman.epicfight.api.data.reloader.ItemCapabilityReloadListener.m_5944_(ItemCapabilityReloadListener.java:63) ~[epicfight-forge-20.9.6-1.20.1.jar%23250!/:20.9.6]
	at yesman.epicfight.api.data.reloader.ItemCapabilityReloadListener.m_5944_(ItemCapabilityReloadListener.java:48) ~[epicfight-forge-20.9.6-1.20.1.jar%23250!/:20.9.6]
	at net.minecraft.server.packs.resources.SimplePreparableReloadListener.m_10786_(SimplePreparableReloadListener.java:11) ~[server-1.20.1-20230612.114412-srg.jar%23321!/:?]
	at java.util.concurrent.CompletableFuture$AsyncSupply.run(CompletableFuture.java:1768) ~[?:?]
	at java.util.concurrent.CompletableFuture$AsyncSupply.exec(CompletableFuture.java:1760) ~[?:?]
	at java.util.concurrent.ForkJoinTask.doExec(ForkJoinTask.java:373) ~[?:?]
	at java.util.concurrent.ForkJoinPool$WorkQueue.topLevelExec(ForkJoinPool.java:1182) ~[?:?]
	at java.util.concurrent.ForkJoinPool.scan(ForkJoinPool.java:1655) ~[?:?]
	at java.util.concurrent.ForkJoinPool.runWorker(ForkJoinPool.java:1622) ~[?:?]
	at java.util.concurrent.ForkJoinWorkerThread.run(ForkJoinWorkerThread.java:165) ~[?:?]
Caused by: java.io.EOFException: End of input at line 1 column 1 path $
	at com.google.gson.stream.JsonReader.nextNonWhitespace(JsonReader.java:1455) ~[gson-2.10.jar%2372!/:?]
	at com.google.gson.stream.JsonReader.doPeek(JsonReader.java:558) ~[gson-2.10.jar%2372!/:?]
	at com.google.gson.stream.JsonReader.peek(JsonReader.java:433) ~[gson-2.10.jar%2372!/:?]
	at com.google.gson.internal.bind.TypeAdapters$28.read(TypeAdapters.java:769) ~[gson-2.10.jar%2372!/:?]
	at com.google.gson.internal.bind.TypeAdapters$28.read(TypeAdapters.java:725) ~[gson-2.10.jar%2372!/:?]
	at com.google.gson.internal.bind.TypeAdapters$34$1.read(TypeAdapters.java:1007) ~[gson-2.10.jar%2372!/:?]
	at net.minecraft.util.GsonHelper.m_13780_(GsonHelper.java:524) ~[server-1.20.1-20230612.114412-srg.jar%23321!/:?]
	... 14 more
[13Jan2025 04:10:20.488] [Worker-Main-1/ERROR] [net.minecraft.server.packs.resources.SimpleJsonResourceReloadListener/]: Couldn't parse data file l2weaponry:weapons/cloggrum_machete from l2weaponry:capabilities/weapons/cloggrum_machete.json
com.google.gson.JsonParseException: java.io.EOFException: End of input at line 1 column 1 path $
	at net.minecraft.util.GsonHelper.m_13780_(GsonHelper.java:526) ~[server-1.20.1-20230612.114412-srg.jar%23321!/:?]
	at net.minecraft.util.GsonHelper.m_263475_(GsonHelper.java:531) ~[server-1.20.1-20230612.114412-srg.jar%23321!/:?]
	at net.minecraft.util.GsonHelper.m_13776_(GsonHelper.java:581) ~[server-1.20.1-20230612.114412-srg.jar%23321!/:?]
	at net.minecraft.server.packs.resources.SimpleJsonResourceReloadListener.m_278771_(SimpleJsonResourceReloadListener.java:41) ~[server-1.20.1-20230612.114412-srg.jar%23321!/:?]
	at net.minecraft.server.packs.resources.SimpleJsonResourceReloadListener.m_5944_(SimpleJsonResourceReloadListener.java:29) ~[server-1.20.1-20230612.114412-srg.jar%23321!/:?]
	at yesman.epicfight.api.data.reloader.ItemCapabilityReloadListener.m_5944_(ItemCapabilityReloadListener.java:63) ~[epicfight-forge-20.9.6-1.20.1.jar%23250!/:20.9.6]
	at yesman.epicfight.api.data.reloader.ItemCapabilityReloadListener.m_5944_(ItemCapabilityReloadListener.java:48) ~[epicfight-forge-20.9.6-1.20.1.jar%23250!/:20.9.6]
	at net.minecraft.server.packs.resources.SimplePreparableReloadListener.m_10786_(SimplePreparableReloadListener.java:11) ~[server-1.20.1-20230612.114412-srg.jar%23321!/:?]
	at java.util.concurrent.CompletableFuture$AsyncSupply.run(CompletableFuture.java:1768) ~[?:?]
	at java.util.concurrent.CompletableFuture$AsyncSupply.exec(CompletableFuture.java:1760) ~[?:?]
	at java.util.concurrent.ForkJoinTask.doExec(ForkJoinTask.java:373) ~[?:?]
	at java.util.concurrent.ForkJoinPool$WorkQueue.topLevelExec(ForkJoinPool.java:1182) ~[?:?]
	at java.util.concurrent.ForkJoinPool.scan(ForkJoinPool.java:1655) ~[?:?]
	at java.util.concurrent.ForkJoinPool.runWorker(ForkJoinPool.java:1622) ~[?:?]
	at java.util.concurrent.ForkJoinWorkerThread.run(ForkJoinWorkerThread.java:165) ~[?:?]
Caused by: java.io.EOFException: End of input at line 1 column 1 path $
	at com.google.gson.stream.JsonReader.nextNonWhitespace(JsonReader.java:1455) ~[gson-2.10.jar%2372!/:?]
	at com.google.gson.stream.JsonReader.doPeek(JsonReader.java:558) ~[gson-2.10.jar%2372!/:?]
	at com.google.gson.stream.JsonReader.peek(JsonReader.java:433) ~[gson-2.10.jar%2372!/:?]
	at com.google.gson.internal.bind.TypeAdapters$28.read(TypeAdapters.java:769) ~[gson-2.10.jar%2372!/:?]
	at com.google.gson.internal.bind.TypeAdapters$28.read(TypeAdapters.java:725) ~[gson-2.10.jar%2372!/:?]
	at com.google.gson.internal.bind.TypeAdapters$34$1.read(TypeAdapters.java:1007) ~[gson-2.10.jar%2372!/:?]
	at net.minecraft.util.GsonHelper.m_13780_(GsonHelper.java:524) ~[server-1.20.1-20230612.114412-srg.jar%23321!/:?]
	... 14 more
[13Jan2025 04:10:20.489] [Worker-Main-1/ERROR] [net.minecraft.server.packs.resources.SimpleJsonResourceReloadListener/]: Couldn't parse data file l2weaponry:weapons/cloggrum_nunchaku from l2weaponry:capabilities/weapons/cloggrum_nunchaku.json
com.google.gson.JsonParseException: java.io.EOFException: End of input at line 1 column 1 path $
	at net.minecraft.util.GsonHelper.m_13780_(GsonHelper.java:526) ~[server-1.20.1-20230612.114412-srg.jar%23321!/:?]
	at net.minecraft.util.GsonHelper.m_263475_(GsonHelper.java:531) ~[server-1.20.1-20230612.114412-srg.jar%23321!/:?]
	at net.minecraft.util.GsonHelper.m_13776_(GsonHelper.java:581) ~[server-1.20.1-20230612.114412-srg.jar%23321!/:?]
	at net.minecraft.server.packs.resources.SimpleJsonResourceReloadListener.m_278771_(SimpleJsonResourceReloadListener.java:41) ~[server-1.20.1-20230612.114412-srg.jar%23321!/:?]
	at net.minecraft.server.packs.resources.SimpleJsonResourceReloadListener.m_5944_(SimpleJsonResourceReloadListener.java:29) ~[server-1.20.1-20230612.114412-srg.jar%23321!/:?]
	at yesman.epicfight.api.data.reloader.ItemCapabilityReloadListener.m_5944_(ItemCapabilityReloadListener.java:63) ~[epicfight-forge-20.9.6-1.20.1.jar%23250!/:20.9.6]
	at yesman.epicfight.api.data.reloader.ItemCapabilityReloadListener.m_5944_(ItemCapabilityReloadListener.java:48) ~[epicfight-forge-20.9.6-1.20.1.jar%23250!/:20.9.6]
	at net.minecraft.server.packs.resources.SimplePreparableReloadListener.m_10786_(SimplePreparableReloadListener.java:11) ~[server-1.20.1-20230612.114412-srg.jar%23321!/:?]
	at java.util.concurrent.CompletableFuture$AsyncSupply.run(CompletableFuture.java:1768) ~[?:?]
	at java.util.concurrent.CompletableFuture$AsyncSupply.exec(CompletableFuture.java:1760) ~[?:?]
	at java.util.concurrent.ForkJoinTask.doExec(ForkJoinTask.java:373) ~[?:?]
	at java.util.concurrent.ForkJoinPool$WorkQueue.topLevelExec(ForkJoinPool.java:1182) ~[?:?]
	at java.util.concurrent.ForkJoinPool.scan(ForkJoinPool.java:1655) ~[?:?]
	at java.util.concurrent.ForkJoinPool.runWorker(ForkJoinPool.java:1622) ~[?:?]
	at java.util.concurrent.ForkJoinWorkerThread.run(ForkJoinWorkerThread.java:165) ~[?:?]
Caused by: java.io.EOFException: End of input at line 1 column 1 path $
	at com.google.gson.stream.JsonReader.nextNonWhitespace(JsonReader.java:1455) ~[gson-2.10.jar%2372!/:?]
	at com.google.gson.stream.JsonReader.doPeek(JsonReader.java:558) ~[gson-2.10.jar%2372!/:?]
	at com.google.gson.stream.JsonReader.peek(JsonReader.java:433) ~[gson-2.10.jar%2372!/:?]
	at com.google.gson.internal.bind.TypeAdapters$28.read(TypeAdapters.java:769) ~[gson-2.10.jar%2372!/:?]
	at com.google.gson.internal.bind.TypeAdapters$28.read(TypeAdapters.java:725) ~[gson-2.10.jar%2372!/:?]
	at com.google.gson.internal.bind.TypeAdapters$34$1.read(TypeAdapters.java:1007) ~[gson-2.10.jar%2372!/:?]
	at net.minecraft.util.GsonHelper.m_13780_(GsonHelper.java:524) ~[server-1.20.1-20230612.114412-srg.jar%23321!/:?]
	... 14 more
[13Jan2025 04:10:20.490] [Worker-Main-1/ERROR] [net.minecraft.server.packs.resources.SimpleJsonResourceReloadListener/]: Couldn't parse data file l2weaponry:weapons/cloggrum_spear from l2weaponry:capabilities/weapons/cloggrum_spear.json
com.google.gson.JsonParseException: java.io.EOFException: End of input at line 1 column 1 path $
	at net.minecraft.util.GsonHelper.m_13780_(GsonHelper.java:526) ~[server-1.20.1-20230612.114412-srg.jar%23321!/:?]
	at net.minecraft.util.GsonHelper.m_263475_(GsonHelper.java:531) ~[server-1.20.1-20230612.114412-srg.jar%23321!/:?]
	at net.minecraft.util.GsonHelper.m_13776_(GsonHelper.java:581) ~[server-1.20.1-20230612.114412-srg.jar%23321!/:?]
	at net.minecraft.server.packs.resources.SimpleJsonResourceReloadListener.m_278771_(SimpleJsonResourceReloadListener.java:41) ~[server-1.20.1-20230612.114412-srg.jar%23321!/:?]
	at net.minecraft.server.packs.resources.SimpleJsonResourceReloadListener.m_5944_(SimpleJsonResourceReloadListener.java:29) ~[server-1.20.1-20230612.114412-srg.jar%23321!/:?]
	at yesman.epicfight.api.data.reloader.ItemCapabilityReloadListener.m_5944_(ItemCapabilityReloadListener.java:63) ~[epicfight-forge-20.9.6-1.20.1.jar%23250!/:20.9.6]
	at yesman.epicfight.api.data.reloader.ItemCapabilityReloadListener.m_5944_(ItemCapabilityReloadListener.java:48) ~[epicfight-forge-20.9.6-1.20.1.jar%23250!/:20.9.6]
	at net.minecraft.server.packs.resources.SimplePreparableReloadListener.m_10786_(SimplePreparableReloadListener.java:11) ~[server-1.20.1-20230612.114412-srg.jar%23321!/:?]
	at java.util.concurrent.CompletableFuture$AsyncSupply.run(CompletableFuture.java:1768) ~[?:?]
	at java.util.concurrent.CompletableFuture$AsyncSupply.exec(CompletableFuture.java:1760) ~[?:?]
	at java.util.concurrent.ForkJoinTask.doExec(ForkJoinTask.java:373) ~[?:?]
	at java.util.concurrent.ForkJoinPool$WorkQueue.topLevelExec(ForkJoinPool.java:1182) ~[?:?]
	at java.util.concurrent.ForkJoinPool.scan(ForkJoinPool.java:1655) ~[?:?]
	at java.util.concurrent.ForkJoinPool.runWorker(ForkJoinPool.java:1622) ~[?:?]
	at java.util.concurrent.ForkJoinWorkerThread.run(ForkJoinWorkerThread.java:165) ~[?:?]
Caused by: java.io.EOFException: End of input at line 1 column 1 path $
	at com.google.gson.stream.JsonReader.nextNonWhitespace(JsonReader.java:1455) ~[gson-2.10.jar%2372!/:?]
	at com.google.gson.stream.JsonReader.doPeek(JsonReader.java:558) ~[gson-2.10.jar%2372!/:?]
	at com.google.gson.stream.JsonReader.peek(JsonReader.java:433) ~[gson-2.10.jar%2372!/:?]
	at com.google.gson.internal.bind.TypeAdapters$28.read(TypeAdapters.java:769) ~[gson-2.10.jar%2372!/:?]
	at com.google.gson.internal.bind.TypeAdapters$28.read(TypeAdapters.java:725) ~[gson-2.10.jar%2372!/:?]
	at com.google.gson.internal.bind.TypeAdapters$34$1.read(TypeAdapters.java:1007) ~[gson-2.10.jar%2372!/:?]
	at net.minecraft.util.GsonHelper.m_13780_(GsonHelper.java:524) ~[server-1.20.1-20230612.114412-srg.jar%23321!/:?]
	... 14 more
[13Jan2025 04:10:20.491] [Worker-Main-1/ERROR] [net.minecraft.server.packs.resources.SimpleJsonResourceReloadListener/]: Couldn't parse data file l2weaponry:weapons/cloggrum_throwing_axe from l2weaponry:capabilities/weapons/cloggrum_throwing_axe.json
com.google.gson.JsonParseException: java.io.EOFException: End of input at line 1 column 1 path $
	at net.minecraft.util.GsonHelper.m_13780_(GsonHelper.java:526) ~[server-1.20.1-20230612.114412-srg.jar%23321!/:?]
	at net.minecraft.util.GsonHelper.m_263475_(GsonHelper.java:531) ~[server-1.20.1-20230612.114412-srg.jar%23321!/:?]
	at net.minecraft.util.GsonHelper.m_13776_(GsonHelper.java:581) ~[server-1.20.1-20230612.114412-srg.jar%23321!/:?]
	at net.minecraft.server.packs.resources.SimpleJsonResourceReloadListener.m_278771_(SimpleJsonResourceReloadListener.java:41) ~[server-1.20.1-20230612.114412-srg.jar%23321!/:?]
	at net.minecraft.server.packs.resources.SimpleJsonResourceReloadListener.m_5944_(SimpleJsonResourceReloadListener.java:29) ~[server-1.20.1-20230612.114412-srg.jar%23321!/:?]
	at yesman.epicfight.api.data.reloader.ItemCapabilityReloadListener.m_5944_(ItemCapabilityReloadListener.java:63) ~[epicfight-forge-20.9.6-1.20.1.jar%23250!/:20.9.6]
	at yesman.epicfight.api.data.reloader.ItemCapabilityReloadListener.m_5944_(ItemCapabilityReloadListener.java:48) ~[epicfight-forge-20.9.6-1.20.1.jar%23250!/:20.9.6]
	at net.minecraft.server.packs.resources.SimplePreparableReloadListener.m_10786_(SimplePreparableReloadListener.java:11) ~[server-1.20.1-20230612.114412-srg.jar%23321!/:?]
	at java.util.concurrent.CompletableFuture$AsyncSupply.run(CompletableFuture.java:1768) ~[?:?]
	at java.util.concurrent.CompletableFuture$AsyncSupply.exec(CompletableFuture.java:1760) ~[?:?]
	at java.util.concurrent.ForkJoinTask.doExec(ForkJoinTask.java:373) ~[?:?]
	at java.util.concurrent.ForkJoinPool$WorkQueue.topLevelExec(ForkJoinPool.java:1182) ~[?:?]
	at java.util.concurrent.ForkJoinPool.scan(ForkJoinPool.java:1655) ~[?:?]
	at java.util.concurrent.ForkJoinPool.runWorker(ForkJoinPool.java:1622) ~[?:?]
	at java.util.concurrent.ForkJoinWorkerThread.run(ForkJoinWorkerThread.java:165) ~[?:?]
Caused by: java.io.EOFException: End of input at line 1 column 1 path $
	at com.google.gson.stream.JsonReader.nextNonWhitespace(JsonReader.java:1455) ~[gson-2.10.jar%2372!/:?]
	at com.google.gson.stream.JsonReader.doPeek(JsonReader.java:558) ~[gson-2.10.jar%2372!/:?]
	at com.google.gson.stream.JsonReader.peek(JsonReader.java:433) ~[gson-2.10.jar%2372!/:?]
	at com.google.gson.internal.bind.TypeAdapters$28.read(TypeAdapters.java:769) ~[gson-2.10.jar%2372!/:?]
	at com.google.gson.internal.bind.TypeAdapters$28.read(TypeAdapters.java:725) ~[gson-2.10.jar%2372!/:?]
	at com.google.gson.internal.bind.TypeAdapters$34$1.read(TypeAdapters.java:1007) ~[gson-2.10.jar%2372!/:?]
	at net.minecraft.util.GsonHelper.m_13780_(GsonHelper.java:524) ~[server-1.20.1-20230612.114412-srg.jar%23321!/:?]
	... 14 more
[13Jan2025 04:10:20.495] [Worker-Main-1/ERROR] [net.minecraft.server.packs.resources.SimpleJsonResourceReloadListener/]: Couldn't parse data file rpgsmw:weapons/copper_sickle from rpgsmw:capabilities/weapons/copper_sickle.json
com.google.gson.JsonParseException: java.io.EOFException: End of input at line 1 column 1 path $
	at net.minecraft.util.GsonHelper.m_13780_(GsonHelper.java:526) ~[server-1.20.1-20230612.114412-srg.jar%23321!/:?]
	at net.minecraft.util.GsonHelper.m_263475_(GsonHelper.java:531) ~[server-1.20.1-20230612.114412-srg.jar%23321!/:?]
	at net.minecraft.util.GsonHelper.m_13776_(GsonHelper.java:581) ~[server-1.20.1-20230612.114412-srg.jar%23321!/:?]
	at net.minecraft.server.packs.resources.SimpleJsonResourceReloadListener.m_278771_(SimpleJsonResourceReloadListener.java:41) ~[server-1.20.1-20230612.114412-srg.jar%23321!/:?]
	at net.minecraft.server.packs.resources.SimpleJsonResourceReloadListener.m_5944_(SimpleJsonResourceReloadListener.java:29) ~[server-1.20.1-20230612.114412-srg.jar%23321!/:?]
	at yesman.epicfight.api.data.reloader.ItemCapabilityReloadListener.m_5944_(ItemCapabilityReloadListener.java:63) ~[epicfight-forge-20.9.6-1.20.1.jar%23250!/:20.9.6]
	at yesman.epicfight.api.data.reloader.ItemCapabilityReloadListener.m_5944_(ItemCapabilityReloadListener.java:48) ~[epicfight-forge-20.9.6-1.20.1.jar%23250!/:20.9.6]
	at net.minecraft.server.packs.resources.SimplePreparableReloadListener.m_10786_(SimplePreparableReloadListener.java:11) ~[server-1.20.1-20230612.114412-srg.jar%23321!/:?]
	at java.util.concurrent.CompletableFuture$AsyncSupply.run(CompletableFuture.java:1768) ~[?:?]
	at java.util.concurrent.CompletableFuture$AsyncSupply.exec(CompletableFuture.java:1760) ~[?:?]
	at java.util.concurrent.ForkJoinTask.doExec(ForkJoinTask.java:373) ~[?:?]
	at java.util.concurrent.ForkJoinPool$WorkQueue.topLevelExec(ForkJoinPool.java:1182) ~[?:?]
	at java.util.concurrent.ForkJoinPool.scan(ForkJoinPool.java:1655) ~[?:?]
	at java.util.concurrent.ForkJoinPool.runWorker(ForkJoinPool.java:1622) ~[?:?]
	at java.util.concurrent.ForkJoinWorkerThread.run(ForkJoinWorkerThread.java:165) ~[?:?]
Caused by: java.io.EOFException: End of input at line 1 column 1 path $
	at com.google.gson.stream.JsonReader.nextNonWhitespace(JsonReader.java:1455) ~[gson-2.10.jar%2372!/:?]
	at com.google.gson.stream.JsonReader.doPeek(JsonReader.java:558) ~[gson-2.10.jar%2372!/:?]
	at com.google.gson.stream.JsonReader.peek(JsonReader.java:433) ~[gson-2.10.jar%2372!/:?]
	at com.google.gson.internal.bind.TypeAdapters$28.read(TypeAdapters.java:769) ~[gson-2.10.jar%2372!/:?]
	at com.google.gson.internal.bind.TypeAdapters$28.read(TypeAdapters.java:725) ~[gson-2.10.jar%2372!/:?]
	at com.google.gson.internal.bind.TypeAdapters$34$1.read(TypeAdapters.java:1007) ~[gson-2.10.jar%2372!/:?]
	at net.minecraft.util.GsonHelper.m_13780_(GsonHelper.java:524) ~[server-1.20.1-20230612.114412-srg.jar%23321!/:?]
	... 14 more
[13Jan2025 04:10:20.504] [Worker-Main-3/INFO] [com.teampotato.redirector.Redirector/]: Redirecting yesman/epicfight/api/utils/AttackResult$ResultType
[13Jan2025 04:10:20.509] [Worker-Main-1/ERROR] [net.minecraft.server.packs.resources.SimpleJsonResourceReloadListener/]: Couldn't parse data file rpgsmw:weapons/diamond_sickle from rpgsmw:capabilities/weapons/diamond_sickle.json
com.google.gson.JsonParseException: java.io.EOFException: End of input at line 1 column 1 path $
	at net.minecraft.util.GsonHelper.m_13780_(GsonHelper.java:526) ~[server-1.20.1-20230612.114412-srg.jar%23321!/:?]
	at net.minecraft.util.GsonHelper.m_263475_(GsonHelper.java:531) ~[server-1.20.1-20230612.114412-srg.jar%23321!/:?]
	at net.minecraft.util.GsonHelper.m_13776_(GsonHelper.java:581) ~[server-1.20.1-20230612.114412-srg.jar%23321!/:?]
	at net.minecraft.server.packs.resources.SimpleJsonResourceReloadListener.m_278771_(SimpleJsonResourceReloadListener.java:41) ~[server-1.20.1-20230612.114412-srg.jar%23321!/:?]
	at net.minecraft.server.packs.resources.SimpleJsonResourceReloadListener.m_5944_(SimpleJsonResourceReloadListener.java:29) ~[server-1.20.1-20230612.114412-srg.jar%23321!/:?]
	at yesman.epicfight.api.data.reloader.ItemCapabilityReloadListener.m_5944_(ItemCapabilityReloadListener.java:63) ~[epicfight-forge-20.9.6-1.20.1.jar%23250!/:20.9.6]
	at yesman.epicfight.api.data.reloader.ItemCapabilityReloadListener.m_5944_(ItemCapabilityReloadListener.java:48) ~[epicfight-forge-20.9.6-1.20.1.jar%23250!/:20.9.6]
	at net.minecraft.server.packs.resources.SimplePreparableReloadListener.m_10786_(SimplePreparableReloadListener.java:11) ~[server-1.20.1-20230612.114412-srg.jar%23321!/:?]
	at java.util.concurrent.CompletableFuture$AsyncSupply.run(CompletableFuture.java:1768) ~[?:?]
	at java.util.concurrent.CompletableFuture$AsyncSupply.exec(CompletableFuture.java:1760) ~[?:?]
	at java.util.concurrent.ForkJoinTask.doExec(ForkJoinTask.java:373) ~[?:?]
	at java.util.concurrent.ForkJoinPool$WorkQueue.topLevelExec(ForkJoinPool.java:1182) ~[?:?]
	at java.util.concurrent.ForkJoinPool.scan(ForkJoinPool.java:1655) ~[?:?]
	at java.util.concurrent.ForkJoinPool.runWorker(ForkJoinPool.java:1622) ~[?:?]
	at java.util.concurrent.ForkJoinWorkerThread.run(ForkJoinWorkerThread.java:165) ~[?:?]
Caused by: java.io.EOFException: End of input at line 1 column 1 path $
	at com.google.gson.stream.JsonReader.nextNonWhitespace(JsonReader.java:1455) ~[gson-2.10.jar%2372!/:?]
	at com.google.gson.stream.JsonReader.doPeek(JsonReader.java:558) ~[gson-2.10.jar%2372!/:?]
	at com.google.gson.stream.JsonReader.peek(JsonReader.java:433) ~[gson-2.10.jar%2372!/:?]
	at com.google.gson.internal.bind.TypeAdapters$28.read(TypeAdapters.java:769) ~[gson-2.10.jar%2372!/:?]
	at com.google.gson.internal.bind.TypeAdapters$28.read(TypeAdapters.java:725) ~[gson-2.10.jar%2372!/:?]
	at com.google.gson.internal.bind.TypeAdapters$34$1.read(TypeAdapters.java:1007) ~[gson-2.10.jar%2372!/:?]
	at net.minecraft.util.GsonHelper.m_13780_(GsonHelper.java:524) ~[server-1.20.1-20230612.114412-srg.jar%23321!/:?]
	... 14 more
[13Jan2025 04:10:20.522] [Worker-Main-2/INFO] [com.teampotato.redirector.Redirector/]: Redirecting net/minecraft/world/level/storage/loot/functions/CopyNameFunction$NameSource
[13Jan2025 04:10:20.526] [Worker-Main-1/ERROR] [net.minecraft.server.packs.resources.SimpleJsonResourceReloadListener/]: Couldn't parse data file rpgsmw:weapons/iron_sickle from rpgsmw:capabilities/weapons/iron_sickle.json
com.google.gson.JsonParseException: java.io.EOFException: End of input at line 1 column 1 path $
	at net.minecraft.util.GsonHelper.m_13780_(GsonHelper.java:526) ~[server-1.20.1-20230612.114412-srg.jar%23321!/:?]
	at net.minecraft.util.GsonHelper.m_263475_(GsonHelper.java:531) ~[server-1.20.1-20230612.114412-srg.jar%23321!/:?]
	at net.minecraft.util.GsonHelper.m_13776_(GsonHelper.java:581) ~[server-1.20.1-20230612.114412-srg.jar%23321!/:?]
	at net.minecraft.server.packs.resources.SimpleJsonResourceReloadListener.m_278771_(SimpleJsonResourceReloadListener.java:41) ~[server-1.20.1-20230612.114412-srg.jar%23321!/:?]
	at net.minecraft.server.packs.resources.SimpleJsonResourceReloadListener.m_5944_(SimpleJsonResourceReloadListener.java:29) ~[server-1.20.1-20230612.114412-srg.jar%23321!/:?]
	at yesman.epicfight.api.data.reloader.ItemCapabilityReloadListener.m_5944_(ItemCapabilityReloadListener.java:63) ~[epicfight-forge-20.9.6-1.20.1.jar%23250!/:20.9.6]
	at yesman.epicfight.api.data.reloader.ItemCapabilityReloadListener.m_5944_(ItemCapabilityReloadListener.java:48) ~[epicfight-forge-20.9.6-1.20.1.jar%23250!/:20.9.6]
	at net.minecraft.server.packs.resources.SimplePreparableReloadListener.m_10786_(SimplePreparableReloadListener.java:11) ~[server-1.20.1-20230612.114412-srg.jar%23321!/:?]
	at java.util.concurrent.CompletableFuture$AsyncSupply.run(CompletableFuture.java:1768) ~[?:?]
	at java.util.concurrent.CompletableFuture$AsyncSupply.exec(CompletableFuture.java:1760) ~[?:?]
	at java.util.concurrent.ForkJoinTask.doExec(ForkJoinTask.java:373) ~[?:?]
	at java.util.concurrent.ForkJoinPool$WorkQueue.topLevelExec(ForkJoinPool.java:1182) ~[?:?]
	at java.util.concurrent.ForkJoinPool.scan(ForkJoinPool.java:1655) ~[?:?]
	at java.util.concurrent.ForkJoinPool.runWorker(ForkJoinPool.java:1622) ~[?:?]
	at java.util.concurrent.ForkJoinWorkerThread.run(ForkJoinWorkerThread.java:165) ~[?:?]
Caused by: java.io.EOFException: End of input at line 1 column 1 path $
	at com.google.gson.stream.JsonReader.nextNonWhitespace(JsonReader.java:1455) ~[gson-2.10.jar%2372!/:?]
	at com.google.gson.stream.JsonReader.doPeek(JsonReader.java:558) ~[gson-2.10.jar%2372!/:?]
	at com.google.gson.stream.JsonReader.peek(JsonReader.java:433) ~[gson-2.10.jar%2372!/:?]
	at com.google.gson.internal.bind.TypeAdapters$28.read(TypeAdapters.java:769) ~[gson-2.10.jar%2372!/:?]
	at com.google.gson.internal.bind.TypeAdapters$28.read(TypeAdapters.java:725) ~[gson-2.10.jar%2372!/:?]
	at com.google.gson.internal.bind.TypeAdapters$34$1.read(TypeAdapters.java:1007) ~[gson-2.10.jar%2372!/:?]
	at net.minecraft.util.GsonHelper.m_13780_(GsonHelper.java:524) ~[server-1.20.1-20230612.114412-srg.jar%23321!/:?]
	... 14 more
[13Jan2025 04:10:20.532] [Worker-Main-1/ERROR] [net.minecraft.server.packs.resources.SimpleJsonResourceReloadListener/]: Couldn't parse data file rpgsmw:weapons/miphril_sickle from rpgsmw:capabilities/weapons/miphril_sickle.json
com.google.gson.JsonParseException: java.io.EOFException: End of input at line 1 column 1 path $
	at net.minecraft.util.GsonHelper.m_13780_(GsonHelper.java:526) ~[server-1.20.1-20230612.114412-srg.jar%23321!/:?]
	at net.minecraft.util.GsonHelper.m_263475_(GsonHelper.java:531) ~[server-1.20.1-20230612.114412-srg.jar%23321!/:?]
	at net.minecraft.util.GsonHelper.m_13776_(GsonHelper.java:581) ~[server-1.20.1-20230612.114412-srg.jar%23321!/:?]
	at net.minecraft.server.packs.resources.SimpleJsonResourceReloadListener.m_278771_(SimpleJsonResourceReloadListener.java:41) ~[server-1.20.1-20230612.114412-srg.jar%23321!/:?]
	at net.minecraft.server.packs.resources.SimpleJsonResourceReloadListener.m_5944_(SimpleJsonResourceReloadListener.java:29) ~[server-1.20.1-20230612.114412-srg.jar%23321!/:?]
	at yesman.epicfight.api.data.reloader.ItemCapabilityReloadListener.m_5944_(ItemCapabilityReloadListener.java:63) ~[epicfight-forge-20.9.6-1.20.1.jar%23250!/:20.9.6]
	at yesman.epicfight.api.data.reloader.ItemCapabilityReloadListener.m_5944_(ItemCapabilityReloadListener.java:48) ~[epicfight-forge-20.9.6-1.20.1.jar%23250!/:20.9.6]
	at net.minecraft.server.packs.resources.SimplePreparableReloadListener.m_10786_(SimplePreparableReloadListener.java:11) ~[server-1.20.1-20230612.114412-srg.jar%23321!/:?]
	at java.util.concurrent.CompletableFuture$AsyncSupply.run(CompletableFuture.java:1768) ~[?:?]
	at java.util.concurrent.CompletableFuture$AsyncSupply.exec(CompletableFuture.java:1760) ~[?:?]
	at java.util.concurrent.ForkJoinTask.doExec(ForkJoinTask.java:373) ~[?:?]
	at java.util.concurrent.ForkJoinPool$WorkQueue.topLevelExec(ForkJoinPool.java:1182) ~[?:?]
	at java.util.concurrent.ForkJoinPool.scan(ForkJoinPool.java:1655) ~[?:?]
	at java.util.concurrent.ForkJoinPool.runWorker(ForkJoinPool.java:1622) ~[?:?]
	at java.util.concurrent.ForkJoinWorkerThread.run(ForkJoinWorkerThread.java:165) ~[?:?]
Caused by: java.io.EOFException: End of input at line 1 column 1 path $
	at com.google.gson.stream.JsonReader.nextNonWhitespace(JsonReader.java:1455) ~[gson-2.10.jar%2372!/:?]
	at com.google.gson.stream.JsonReader.doPeek(JsonReader.java:558) ~[gson-2.10.jar%2372!/:?]
	at com.google.gson.stream.JsonReader.peek(JsonReader.java:433) ~[gson-2.10.jar%2372!/:?]
	at com.google.gson.internal.bind.TypeAdapters$28.read(TypeAdapters.java:769) ~[gson-2.10.jar%2372!/:?]
	at com.google.gson.internal.bind.TypeAdapters$28.read(TypeAdapters.java:725) ~[gson-2.10.jar%2372!/:?]
	at com.google.gson.internal.bind.TypeAdapters$34$1.read(TypeAdapters.java:1007) ~[gson-2.10.jar%2372!/:?]
	at net.minecraft.util.GsonHelper.m_13780_(GsonHelper.java:524) ~[server-1.20.1-20230612.114412-srg.jar%23321!/:?]
	... 14 more
[13Jan2025 04:10:20.536] [Worker-Main-1/ERROR] [net.minecraft.server.packs.resources.SimpleJsonResourceReloadListener/]: Couldn't parse data file rpgsmw:weapons/nephris_sickle from rpgsmw:capabilities/weapons/nephris_sickle.json
com.google.gson.JsonParseException: java.io.EOFException: End of input at line 1 column 1 path $
	at net.minecraft.util.GsonHelper.m_13780_(GsonHelper.java:526) ~[server-1.20.1-20230612.114412-srg.jar%23321!/:?]
	at net.minecraft.util.GsonHelper.m_263475_(GsonHelper.java:531) ~[server-1.20.1-20230612.114412-srg.jar%23321!/:?]
	at net.minecraft.util.GsonHelper.m_13776_(GsonHelper.java:581) ~[server-1.20.1-20230612.114412-srg.jar%23321!/:?]
	at net.minecraft.server.packs.resources.SimpleJsonResourceReloadListener.m_278771_(SimpleJsonResourceReloadListener.java:41) ~[server-1.20.1-20230612.114412-srg.jar%23321!/:?]
	at net.minecraft.server.packs.resources.SimpleJsonResourceReloadListener.m_5944_(SimpleJsonResourceReloadListener.java:29) ~[server-1.20.1-20230612.114412-srg.jar%23321!/:?]
	at yesman.epicfight.api.data.reloader.ItemCapabilityReloadListener.m_5944_(ItemCapabilityReloadListener.java:63) ~[epicfight-forge-20.9.6-1.20.1.jar%23250!/:20.9.6]
	at yesman.epicfight.api.data.reloader.ItemCapabilityReloadListener.m_5944_(ItemCapabilityReloadListener.java:48) ~[epicfight-forge-20.9.6-1.20.1.jar%23250!/:20.9.6]
	at net.minecraft.server.packs.resources.SimplePreparableReloadListener.m_10786_(SimplePreparableReloadListener.java:11) ~[server-1.20.1-20230612.114412-srg.jar%23321!/:?]
	at java.util.concurrent.CompletableFuture$AsyncSupply.run(CompletableFuture.java:1768) ~[?:?]
	at java.util.concurrent.CompletableFuture$AsyncSupply.exec(CompletableFuture.java:1760) ~[?:?]
	at java.util.concurrent.ForkJoinTask.doExec(ForkJoinTask.java:373) ~[?:?]
	at java.util.concurrent.ForkJoinPool$WorkQueue.topLevelExec(ForkJoinPool.java:1182) ~[?:?]
	at java.util.concurrent.ForkJoinPool.scan(ForkJoinPool.java:1655) ~[?:?]
	at java.util.concurrent.ForkJoinPool.runWorker(ForkJoinPool.java:1622) ~[?:?]
	at java.util.concurrent.ForkJoinWorkerThread.run(ForkJoinWorkerThread.java:165) ~[?:?]
Caused by: java.io.EOFException: End of input at line 1 column 1 path $
	at com.google.gson.stream.JsonReader.nextNonWhitespace(JsonReader.java:1455) ~[gson-2.10.jar%2372!/:?]
	at com.google.gson.stream.JsonReader.doPeek(JsonReader.java:558) ~[gson-2.10.jar%2372!/:?]
	at com.google.gson.stream.JsonReader.peek(JsonReader.java:433) ~[gson-2.10.jar%2372!/:?]
	at com.google.gson.internal.bind.TypeAdapters$28.read(TypeAdapters.java:769) ~[gson-2.10.jar%2372!/:?]
	at com.google.gson.internal.bind.TypeAdapters$28.read(TypeAdapters.java:725) ~[gson-2.10.jar%2372!/:?]
	at com.google.gson.internal.bind.TypeAdapters$34$1.read(TypeAdapters.java:1007) ~[gson-2.10.jar%2372!/:?]
	at net.minecraft.util.GsonHelper.m_13780_(GsonHelper.java:524) ~[server-1.20.1-20230612.114412-srg.jar%23321!/:?]
	... 14 more
[13Jan2025 04:10:20.543] [Worker-Main-1/ERROR] [net.minecraft.server.packs.resources.SimpleJsonResourceReloadListener/]: Couldn't parse data file rpgsmw:weapons/netherite_sickle from rpgsmw:capabilities/weapons/netherite_sickle.json
com.google.gson.JsonParseException: java.io.EOFException: End of input at line 1 column 1 path $
	at net.minecraft.util.GsonHelper.m_13780_(GsonHelper.java:526) ~[server-1.20.1-20230612.114412-srg.jar%23321!/:?]
	at net.minecraft.util.GsonHelper.m_263475_(GsonHelper.java:531) ~[server-1.20.1-20230612.114412-srg.jar%23321!/:?]
	at net.minecraft.util.GsonHelper.m_13776_(GsonHelper.java:581) ~[server-1.20.1-20230612.114412-srg.jar%23321!/:?]
	at net.minecraft.server.packs.resources.SimpleJsonResourceReloadListener.m_278771_(SimpleJsonResourceReloadListener.java:41) ~[server-1.20.1-20230612.114412-srg.jar%23321!/:?]
	at net.minecraft.server.packs.resources.SimpleJsonResourceReloadListener.m_5944_(SimpleJsonResourceReloadListener.java:29) ~[server-1.20.1-20230612.114412-srg.jar%23321!/:?]
	at yesman.epicfight.api.data.reloader.ItemCapabilityReloadListener.m_5944_(ItemCapabilityReloadListener.java:63) ~[epicfight-forge-20.9.6-1.20.1.jar%23250!/:20.9.6]
	at yesman.epicfight.api.data.reloader.ItemCapabilityReloadListener.m_5944_(ItemCapabilityReloadListener.java:48) ~[epicfight-forge-20.9.6-1.20.1.jar%23250!/:20.9.6]
	at net.minecraft.server.packs.resources.SimplePreparableReloadListener.m_10786_(SimplePreparableReloadListener.java:11) ~[server-1.20.1-20230612.114412-srg.jar%23321!/:?]
	at java.util.concurrent.CompletableFuture$AsyncSupply.run(CompletableFuture.java:1768) ~[?:?]
	at java.util.concurrent.CompletableFuture$AsyncSupply.exec(CompletableFuture.java:1760) ~[?:?]
	at java.util.concurrent.ForkJoinTask.doExec(ForkJoinTask.java:373) ~[?:?]
	at java.util.concurrent.ForkJoinPool$WorkQueue.topLevelExec(ForkJoinPool.java:1182) ~[?:?]
	at java.util.concurrent.ForkJoinPool.scan(ForkJoinPool.java:1655) ~[?:?]
	at java.util.concurrent.ForkJoinPool.runWorker(ForkJoinPool.java:1622) ~[?:?]
	at java.util.concurrent.ForkJoinWorkerThread.run(ForkJoinWorkerThread.java:165) ~[?:?]
Caused by: java.io.EOFException: End of input at line 1 column 1 path $
	at com.google.gson.stream.JsonReader.nextNonWhitespace(JsonReader.java:1455) ~[gson-2.10.jar%2372!/:?]
	at com.google.gson.stream.JsonReader.doPeek(JsonReader.java:558) ~[gson-2.10.jar%2372!/:?]
	at com.google.gson.stream.JsonReader.peek(JsonReader.java:433) ~[gson-2.10.jar%2372!/:?]
	at com.google.gson.internal.bind.TypeAdapters$28.read(TypeAdapters.java:769) ~[gson-2.10.jar%2372!/:?]
	at com.google.gson.internal.bind.TypeAdapters$28.read(TypeAdapters.java:725) ~[gson-2.10.jar%2372!/:?]
	at com.google.gson.internal.bind.TypeAdapters$34$1.read(TypeAdapters.java:1007) ~[gson-2.10.jar%2372!/:?]
	at net.minecraft.util.GsonHelper.m_13780_(GsonHelper.java:524) ~[server-1.20.1-20230612.114412-srg.jar%23321!/:?]
	... 14 more
[13Jan2025 04:10:20.546] [Worker-Main-3/INFO] [com.teampotato.redirector.Redirector/]: Redirecting yesman/epicfight/api/animation/property/AnimationEvent$Side
[13Jan2025 04:10:20.557] [Worker-Main-1/ERROR] [net.minecraft.server.packs.resources.SimpleJsonResourceReloadListener/]: Couldn't parse data file rpgsmw:weapons/steel_sickle from rpgsmw:capabilities/weapons/steel_sickle.json
com.google.gson.JsonParseException: java.io.EOFException: End of input at line 1 column 1 path $
	at net.minecraft.util.GsonHelper.m_13780_(GsonHelper.java:526) ~[server-1.20.1-20230612.114412-srg.jar%23321!/:?]
	at net.minecraft.util.GsonHelper.m_263475_(GsonHelper.java:531) ~[server-1.20.1-20230612.114412-srg.jar%23321!/:?]
	at net.minecraft.util.GsonHelper.m_13776_(GsonHelper.java:581) ~[server-1.20.1-20230612.114412-srg.jar%23321!/:?]
	at net.minecraft.server.packs.resources.SimpleJsonResourceReloadListener.m_278771_(SimpleJsonResourceReloadListener.java:41) ~[server-1.20.1-20230612.114412-srg.jar%23321!/:?]
	at net.minecraft.server.packs.resources.SimpleJsonResourceReloadListener.m_5944_(SimpleJsonResourceReloadListener.java:29) ~[server-1.20.1-20230612.114412-srg.jar%23321!/:?]
	at yesman.epicfight.api.data.reloader.ItemCapabilityReloadListener.m_5944_(ItemCapabilityReloadListener.java:63) ~[epicfight-forge-20.9.6-1.20.1.jar%23250!/:20.9.6]
	at yesman.epicfight.api.data.reloader.ItemCapabilityReloadListener.m_5944_(ItemCapabilityReloadListener.java:48) ~[epicfight-forge-20.9.6-1.20.1.jar%23250!/:20.9.6]
	at net.minecraft.server.packs.resources.SimplePreparableReloadListener.m_10786_(SimplePreparableReloadListener.java:11) ~[server-1.20.1-20230612.114412-srg.jar%23321!/:?]
	at java.util.concurrent.CompletableFuture$AsyncSupply.run(CompletableFuture.java:1768) ~[?:?]
	at java.util.concurrent.CompletableFuture$AsyncSupply.exec(CompletableFuture.java:1760) ~[?:?]
	at java.util.concurrent.ForkJoinTask.doExec(ForkJoinTask.java:373) ~[?:?]
	at java.util.concurrent.ForkJoinPool$WorkQueue.topLevelExec(ForkJoinPool.java:1182) ~[?:?]
	at java.util.concurrent.ForkJoinPool.scan(ForkJoinPool.java:1655) ~[?:?]
	at java.util.concurrent.ForkJoinPool.runWorker(ForkJoinPool.java:1622) ~[?:?]
	at java.util.concurrent.ForkJoinWorkerThread.run(ForkJoinWorkerThread.java:165) ~[?:?]
Caused by: java.io.EOFException: End of input at line 1 column 1 path $
	at com.google.gson.stream.JsonReader.nextNonWhitespace(JsonReader.java:1455) ~[gson-2.10.jar%2372!/:?]
	at com.google.gson.stream.JsonReader.doPeek(JsonReader.java:558) ~[gson-2.10.jar%2372!/:?]
	at com.google.gson.stream.JsonReader.peek(JsonReader.java:433) ~[gson-2.10.jar%2372!/:?]
	at com.google.gson.internal.bind.TypeAdapters$28.read(TypeAdapters.java:769) ~[gson-2.10.jar%2372!/:?]
	at com.google.gson.internal.bind.TypeAdapters$28.read(TypeAdapters.java:725) ~[gson-2.10.jar%2372!/:?]
	at com.google.gson.internal.bind.TypeAdapters$34$1.read(TypeAdapters.java:1007) ~[gson-2.10.jar%2372!/:?]
	at net.minecraft.util.GsonHelper.m_13780_(GsonHelper.java:524) ~[server-1.20.1-20230612.114412-srg.jar%23321!/:?]
	... 14 more
[13Jan2025 04:10:20.612] [Worker-Main-2/INFO] [com.teampotato.redirector.Redirector/]: Redirecting net/minecraft/world/level/saveddata/maps/MapDecoration$Type
[13Jan2025 04:10:21.106] [Worker-Main-3/INFO] [com.teampotato.redirector.Redirector/]: Redirecting yesman/epicfight/api/utils/HitEntityList$Priority
[13Jan2025 04:10:21.133] [Worker-Main-3/INFO] [epicfight/]: Register animations from refm
[13Jan2025 04:10:21.566] [Worker-Main-3/INFO] [epicfight/]: Register animations from wom
[13Jan2025 04:10:22.681] [Worker-Main-3/INFO] [epicfight/]: Register animations from efds
[13Jan2025 04:10:22.770] [main/INFO] [net.minecraft.world.item.crafting.RecipeManager/]: Skipping loading recipe twilightforest:jeed/poison as it's serializer returned null
[13Jan2025 04:10:22.798] [main/INFO] [com.teampotato.redirector.Redirector/]: Redirecting net/minecraft/world/item/FireworkRocketItem$Shape
[13Jan2025 04:10:22.802] [main/INFO] [net.minecraft.world.item.crafting.RecipeManager/]: Skipping loading recipe twilightforest:jeed/frosted as it's serializer returned null
[13Jan2025 04:10:22.807] [main/INFO] [net.minecraft.world.item.crafting.RecipeManager/]: Skipping loading recipe twilightforest:jeed/blindness as it's serializer returned null
[13Jan2025 04:10:22.807] [main/INFO] [net.minecraft.world.item.crafting.RecipeManager/]: Skipping loading recipe twilightforest:jeed/hunger as it's serializer returned null
[13Jan2025 04:10:22.808] [main/INFO] [net.minecraft.world.item.crafting.RecipeManager/]: Skipping loading recipe twilightforest:jeed/regeneration as it's serializer returned null
[13Jan2025 04:10:22.809] [main/INFO] [net.minecraft.world.item.crafting.RecipeManager/]: Skipping loading recipe twilightforest:jeed/slowness as it's serializer returned null
[13Jan2025 04:10:22.814] [main/INFO] [net.minecraft.world.item.crafting.RecipeManager/]: Skipping loading recipe twilightforest:jeed/fire_resistance as it's serializer returned null
[13Jan2025 04:10:22.816] [main/INFO] [net.minecraft.world.item.crafting.RecipeManager/]: Skipping loading recipe twilightforest:jeed/resistance as it's serializer returned null
[13Jan2025 04:10:22.818] [main/INFO] [net.minecraft.world.item.crafting.RecipeManager/]: Loaded 14 recipes
[13Jan2025 04:10:22.829] [main/INFO] [com.teampotato.redirector.Redirector/]: Redirecting net/minecraft/advancements/FrameType
[13Jan2025 04:10:22.953] [main/INFO] [net.minecraft.advancements.AdvancementList/]: Loaded 2374 advancements
[13Jan2025 04:10:22.958] [main/INFO] [placebo/]: Registered 0 additional recipes.
[13Jan2025 04:10:23.057] [main/INFO] [com.teampotato.redirector.Redirector/]: Redirecting twilightforest/data/custom/stalactites/entry/Stalactite$HollowHillType
[13Jan2025 04:10:23.058] [main/INFO] [twilightforest/]: Loaded 9 Stalactite configs!
[13Jan2025 04:10:23.063] [main/INFO] [top.theillusivec4.curios.Curios/]: Loaded 11 curio slots
[13Jan2025 04:10:23.068] [main/INFO] [top.theillusivec4.curios.Curios/]: Loaded 1 curio entities
[13Jan2025 04:10:23.069] [main/ERROR] [bettervillage/]: Ice And Fire compatibility is not enabled for Better Village and Ice And Fire is present in your mod list.
     - Please install the datapack for better compatibility between Better Villages and Ice And Fire.
     - You can find the datapack URL in the `compatibility` section of the Better Villages description.
     - URL=https://www.curseforge.com/minecraft/mc-mods/better-village-forge
[13Jan2025 04:10:23.070] [main/WARN] [epicfight/]: Skill efds:double_slash doesn't exist in the registry.
[13Jan2025 04:10:23.071] [main/WARN] [epicfight/]: Skill efds:dualtachi doesn't exist in the registry.
[13Jan2025 04:10:23.082] [main/INFO] [com.teampotato.redirector.Redirector/]: Redirecting yesman/epicfight/world/capabilities/item/CapabilityItem$ZoomInType
[13Jan2025 04:10:28.314] [main/WARN] [epicfight/]: Error while deserializing datapack for cataclysm:meat_shredder
[13Jan2025 04:10:32.325] [main/WARN] [epicfight/]: Can't find a particle type epicfight:entity.hit.blade in epicfight:spgreatsword
[13Jan2025 04:10:32.726] [main/INFO] [com.teampotato.redirector.Redirector/]: Redirecting yesman/epicfight/world/capabilities/entitypatch/Faction
[13Jan2025 04:10:32.731] [main/INFO] [com.teampotato.redirector.Redirector/]: Redirecting yesman/epicfight/data/conditions/entity/HealthPoint$Comparator
[13Jan2025 04:10:32.778] [main/INFO] [placebo/]: Registered 0 gear_sets.
[13Jan2025 04:10:32.825] [main/INFO] [com.teampotato.redirector.Redirector/]: Redirecting net/minecraftforge/event/TagsUpdatedEvent$UpdateCause
[13Jan2025 04:10:33.011] [Server thread/INFO] [net.minecraft.server.dedicated.DedicatedServer/]: Starting minecraft server version 1.20.1
[13Jan2025 04:10:33.012] [Server thread/INFO] [net.minecraft.server.dedicated.DedicatedServer/]: Loading properties
[13Jan2025 04:10:33.012] [Server thread/INFO] [net.minecraft.server.dedicated.DedicatedServer/]: Default game type: SURVIVAL
[13Jan2025 04:10:33.012] [Server thread/INFO] [net.minecraft.server.MinecraftServer/]: Generating keypair
[13Jan2025 04:10:33.120] [Server thread/INFO] [net.minecraft.server.dedicated.DedicatedServer/]: Starting Minecraft server on *:25565
[13Jan2025 04:10:33.138] [Server thread/INFO] [net.minecraft.server.network.ServerConnectionListener/]: Using epoll channel type
[13Jan2025 04:10:33.219] [Server thread/WARN] [net.minecraft.server.dedicated.DedicatedServer/]: **** SERVER IS RUNNING IN OFFLINE/INSECURE MODE!
[13Jan2025 04:10:33.219] [Server thread/WARN] [net.minecraft.server.dedicated.DedicatedServer/]: The server will make no attempt to authenticate usernames. Beware.
[13Jan2025 04:10:33.220] [Server thread/WARN] [net.minecraft.server.dedicated.DedicatedServer/]: While this makes the game possible to play without internet access, it also opens up the ability for hackers to connect with any username they choose.
[13Jan2025 04:10:33.220] [Server thread/WARN] [net.minecraft.server.dedicated.DedicatedServer/]: To change this, set "online-mode" to "true" in the server.properties file.
[13Jan2025 04:10:33.240] [Server thread/INFO] [Puzzles Lib/]: Loading server config for easymagic
[13Jan2025 04:10:33.437] [Server thread/INFO] [com.teampotato.redirector.Redirector/]: Redirecting net/minecraftforge/common/world/StructureModifier$Phase
[13Jan2025 04:10:33.461] [Server thread/INFO] [com.teampotato.redirector.Redirector/]: Redirecting me/lucko/spark/common/ws/CryptoAlgorithm
[13Jan2025 04:10:33.482] [Server thread/INFO] [com.teampotato.redirector.Redirector/]: Redirecting me/lucko/spark/lib/adventure/text/format/TextDecoration
[13Jan2025 04:10:33.483] [Server thread/INFO] [com.teampotato.redirector.Redirector/]: Redirecting me/lucko/spark/lib/adventure/util/TriState
[13Jan2025 04:10:33.483] [Server thread/INFO] [com.teampotato.redirector.Redirector/]: Redirecting me/lucko/spark/lib/adventure/text/format/TextDecoration$State
[13Jan2025 04:10:33.486] [Server thread/INFO] [com.teampotato.redirector.Redirector/]: Redirecting me/lucko/spark/lib/adventure/text/ComponentIteratorFlag
[13Jan2025 04:10:33.505] [Server thread/INFO] [com.teampotato.redirector.Redirector/]: Redirecting me/lucko/spark/common/platform/PlatformInfo$Type
[13Jan2025 04:10:33.506] [Server thread/INFO] [com.teampotato.redirector.Redirector/]: Redirecting me/lucko/spark/proto/SparkProtos$PlatformMetadata$Type
[13Jan2025 04:10:33.513] [Server thread/INFO] [com.teampotato.redirector.Redirector/]: Redirecting me/lucko/spark/common/monitor/MonitoringExecutor
[13Jan2025 04:10:33.514] [Server thread/INFO] [com.teampotato.redirector.Redirector/]: Redirecting me/lucko/spark/common/monitor/cpu/CpuMonitor
[13Jan2025 04:10:33.517] [Server thread/INFO] [com.teampotato.redirector.Redirector/]: Redirecting me/lucko/spark/common/monitor/net/NetworkMonitor
[13Jan2025 04:10:33.520] [Server thread/INFO] [spark/]: Starting background profiler...
[13Jan2025 04:10:33.522] [Server thread/INFO] [com.teampotato.redirector.Redirector/]: Redirecting me/lucko/spark/common/sampler/SamplerMode
[13Jan2025 04:10:33.523] [Server thread/INFO] [com.teampotato.redirector.Redirector/]: Redirecting me/lucko/spark/proto/SparkSamplerProtos$SamplerMetadata$SamplerMode
[13Jan2025 04:10:33.740] [Server thread/INFO] [com.teampotato.redirector.Redirector/]: Redirecting me/lucko/spark/common/sampler/async/AsyncProfilerAccess$ProfilingEvent
[13Jan2025 04:10:33.867] [Server thread/INFO] [com.teampotato.redirector.Redirector/]: Redirecting me/lucko/spark/lib/protobuf/GeneratedMessageLite$MethodToInvoke
[13Jan2025 04:10:33.878] [Server thread/INFO] [com.teampotato.redirector.Redirector/]: Redirecting me/lucko/spark/lib/protobuf/ProtoSyntax
[13Jan2025 04:10:33.888] [Server thread/INFO] [com.teampotato.redirector.Redirector/]: Redirecting me/lucko/spark/common/sampler/window/ProfilingWindowUtils
[13Jan2025 04:10:33.921] [Server thread/INFO] [net.minecraft.server.dedicated.DedicatedServer/]: Preparing level "world"
[13Jan2025 04:10:33.925] [Server thread/INFO] [com.teampotato.redirector.Redirector/]: Redirecting net/minecraft/util/ModCheck$Confidence
[13Jan2025 04:10:33.954] [Server thread/INFO] [com.teampotato.redirector.Redirector/]: Redirecting net/minecraft/world/entity/ai/village/VillageSiege$State
[13Jan2025 04:10:34.011] [Server thread/INFO] [com.teampotato.redirector.Redirector/]: Redirecting net/minecraft/world/ticks/TickPriority
[13Jan2025 04:10:34.021] [Server thread/INFO] [com.teampotato.redirector.Redirector/]: Redirecting net/minecraft/world/level/chunk/storage/IOWorker$Priority
[13Jan2025 04:10:34.046] [Server thread/INFO] [com.teampotato.redirector.Redirector/]: Redirecting net/minecraft/world/level/entity/Visibility
[13Jan2025 04:10:34.047] [Server thread/INFO] [com.teampotato.redirector.Redirector/]: Redirecting net/minecraft/world/level/entity/PersistentEntitySectionManager$ChunkLoadStatus
[13Jan2025 04:10:34.057] [Server thread/INFO] [com.teampotato.redirector.Redirector/]: Redirecting net/minecraft/server/level/FullChunkStatus
[13Jan2025 04:10:34.089] [Server thread/WARN] [mixin/]: Method overwrite conflict for m_140184_ in lithium.mixins.json:world.player_chunk_tick.ThreadedAnvilChunkStorageMixin, previously written by me.steinborn.krypton.mixin.shared.network.flushconsolidation.ThreadedAnvilChunkStorageMixin. Skipping method.
[13Jan2025 04:10:34.113] [Server thread/INFO] [com.teampotato.redirector.Redirector/]: Redirecting net/minecraft/world/level/levelgen/WorldgenRandom$Algorithm
[13Jan2025 04:10:34.322] [Server thread/INFO] [com.teampotato.redirector.Redirector/]: Redirecting net/minecraft/world/level/LightLayer
[13Jan2025 04:10:34.373] [Server thread/INFO] [com.teampotato.redirector.Redirector/]: Redirecting net/minecraft/world/BossEvent$BossBarColor
[13Jan2025 04:10:34.374] [Server thread/INFO] [com.teampotato.redirector.Redirector/]: Redirecting net/minecraft/world/BossEvent$BossBarOverlay
[13Jan2025 04:10:34.375] [Server thread/INFO] [com.teampotato.redirector.Redirector/]: Redirecting net/minecraft/world/entity/raid/Raid$RaidStatus
[13Jan2025 04:10:34.435] [Server thread/INFO] [com.teampotato.redirector.Redirector/]: Redirecting net/minecraft/network/protocol/game/ClientboundBossEventPacket$OperationType
[13Jan2025 04:10:34.442] [Server thread/INFO] [net.minecraft.server.MinecraftServer/]: Preparing start region for dimension minecraft:overworld
[13Jan2025 04:10:34.444] [Server thread/WARN] [mixin/]: Method overwrite conflict for removeIf in lithium.mixins.json:world.chunk_tickets.SortedArraySetMixin, previously written by org.embeddedt.modernfix.common.mixin.bugfix.paper_chunk_patches.SortedArraySetMixin. Skipping method.
[13Jan2025 04:10:34.522] [spark-monitoring-thread/INFO] [com.teampotato.redirector.Redirector/]: Redirecting me/lucko/spark/common/monitor/LinuxProc
[13Jan2025 04:10:34.658] [Server thread/INFO] [com.teampotato.redirector.Redirector/]: Redirecting net/minecraft/world/level/EmptyBlockGetter
[13Jan2025 04:10:34.659] [Server thread/INFO] [com.teampotato.redirector.Redirector/]: Redirecting net/minecraft/core/Direction8
[13Jan2025 04:10:34.697] [Server thread/INFO] [com.teampotato.redirector.Redirector/]: Redirecting net/minecraft/world/level/block/SupportType
[13Jan2025 04:10:34.721] [Server thread/INFO] [com.teampotato.redirector.Redirector/]: Redirecting net/minecraft/server/level/ThreadedLevelLightEngine$TaskType
[13Jan2025 04:10:35.282] [Server thread/INFO] [com.teampotato.redirector.Redirector/]: Redirecting net/minecraft/world/entity/ai/village/poi/PoiManager$Occupancy
[13Jan2025 04:10:35.942] [Server thread/INFO] [net.minecraft.server.level.progress.LoggerChunkProgressListener/]: Preparing spawn area: 0%
[13Jan2025 04:10:35.943] [Server thread/INFO] [net.minecraft.server.level.progress.LoggerChunkProgressListener/]: Preparing spawn area: 0%
[13Jan2025 04:10:35.943] [Server thread/INFO] [net.minecraft.server.level.progress.LoggerChunkProgressListener/]: Preparing spawn area: 0%
[13Jan2025 04:10:35.943] [Server thread/INFO] [net.minecraft.server.level.progress.LoggerChunkProgressListener/]: Preparing spawn area: 0%
[13Jan2025 04:10:36.366] [Server thread/INFO] [com.teampotato.redirector.Redirector/]: Redirecting net/minecraft/world/entity/ai/control/MoveControl$Operation
[13Jan2025 04:10:36.372] [Server thread/INFO] [com.teampotato.redirector.Redirector/]: Redirecting com/github/alexthe666/citadel/server/entity/pathfinding/raycoms/AdvancedPathNavigate$MovementType
[13Jan2025 04:10:36.382] [Server thread/INFO] [com.cupboard.Cupboard/]: Loaded config for: connectivity.json
[13Jan2025 04:10:36.536] [Server thread/INFO] [com.teampotato.redirector.Redirector/]: Redirecting net/minecraft/world/entity/ai/memory/MemoryStatus
[13Jan2025 04:10:36.537] [Server thread/INFO] [com.teampotato.redirector.Redirector/]: Redirecting net/minecraft/world/entity/ai/behavior/Behavior$Status
[13Jan2025 04:10:36.555] [Server thread/INFO] [com.teampotato.redirector.Redirector/]: Redirecting net/minecraft/world/entity/ai/behavior/GateBehavior$OrderPolicy
[13Jan2025 04:10:36.558] [Server thread/INFO] [com.teampotato.redirector.Redirector/]: Redirecting net/minecraft/world/entity/ai/behavior/GateBehavior$RunningPolicy
[13Jan2025 04:10:36.627] [Server thread/INFO] [com.teampotato.redirector.Redirector/]: Redirecting net/minecraft/world/entity/ai/gossip/GossipType
[13Jan2025 04:10:36.656] [Server thread/INFO] [net.minecraft.server.level.progress.LoggerChunkProgressListener/]: Time elapsed: 2214 ms
[13Jan2025 04:10:36.656] [Server thread/INFO] [net.minecraft.server.dedicated.DedicatedServer/]: Done (3.425s)! For help, type "help"
[13Jan2025 04:10:36.712] [Server thread/INFO] [net.minecraftforge.server.permission.PermissionAPI/]: Successfully initialized permission handler forge:default_handler
[13Jan2025 04:10:36.718] [Server thread/INFO] [com.cupboard.Cupboard/]: Loaded config for: chunksending.json
[13Jan2025 04:10:36.719] [Server thread/INFO] [com.cupboard.Cupboard/]: Loaded config for: smoothchunk.json
[13Jan2025 04:10:36.720] [Server thread/INFO] [com.github.alexthe666.iceandfire.IceAndFire/]: {iceandfire:fire_dragon_roost=true, iceandfire:fire_lily=true, iceandfire:spawn_dragon_skeleton_fire=true, iceandfire:lightning_dragon_roost=true, iceandfire:spawn_dragon_skeleton_lightning=true, iceandfire:ice_dragon_roost=true, iceandfire:ice_dragon_cave=true, iceandfire:lightning_dragon_cave=true, iceandfire:cyclops_cave=true, iceandfire:spawn_wandering_cyclops=true, iceandfire:spawn_sea_serpent=true, iceandfire:frost_lily=true, iceandfire:hydra_cave=true, iceandfire:lightning_lily=true, iceandfire:pixie_village=true, iceandfire:myrmex_hive_jungle=true, iceandfire:myrmex_hive_desert=true, iceandfire:silver_ore=true, iceandfire:siren_island=true, iceandfire:spawn_dragon_skeleton_ice=true, iceandfire:spawn_stymphalian_bird=true, iceandfire:fire_dragon_cave=true, iceandfire:sapphire_ore=true, iceandfire:spawn_hippocampus=true, iceandfire:spawn_death_worm=true}
[13Jan2025 04:10:36.720] [Server thread/INFO] [com.github.alexthe666.iceandfire.IceAndFire/]: {TROLL_S=true, HIPPOGRYPH=true, AMPHITHERE=true, COCKATRICE=true, TROLL_M=true, DREAD_LICH=true, TROLL_F=true}
[13Jan2025 04:10:36.721] [Server thread/WARN] [ModernFix/]: Dedicated server took 44.366 seconds to load
[13Jan2025 04:10:36.734] [Server thread/INFO] [mixin/]: Mixing common.MixinServerStatus from mixins/common/nochatreports.mixins.json into net.minecraft.network.protocol.status.ServerStatus
[13Jan2025 04:10:36.805] [Server thread/INFO] [com.teampotato.redirector.Redirector/]: Redirecting net/minecraft/world/level/border/BorderStatus
[13Jan2025 04:10:36.888] [Server thread/INFO] [com.teampotato.redirector.Redirector/]: Redirecting net/minecraft/world/level/ClipContext$Block
[13Jan2025 04:10:36.891] [Server thread/INFO] [com.teampotato.redirector.Redirector/]: Redirecting net/minecraft/world/entity/MoverType
[13Jan2025 04:10:36.896] [Server thread/INFO] [com.teampotato.redirector.Redirector/]: Redirecting net/minecraft/world/entity/Entity$MovementEmission
[13Jan2025 04:10:36.898] [Server thread/INFO] [com.teampotato.redirector.Redirector/]: Redirecting net/minecraft/world/scores/Team$CollisionRule
[13Jan2025 04:10:36.902] [Server thread/INFO] [com.teampotato.redirector.Redirector/]: Redirecting net/minecraft/util/AbortableIterationConsumer$Continuation
[13Jan2025 04:10:36.923] [Server thread/INFO] [com.teampotato.redirector.Redirector/]: Redirecting com/github/alexthe666/citadel/animation/AnimationHandler
[13Jan2025 04:10:36.998] [Server thread/INFO] [com.teampotato.redirector.Redirector/]: Redirecting net/minecraft/util/profiling/metrics/MetricCategory
[13Jan2025 04:10:37.013] [Server thread/INFO] [com.teampotato.redirector.Redirector/]: Redirecting net/minecraft/world/entity/animal/horse/Markings
[13Jan2025 04:10:38.377] [Server thread/INFO] [com.teampotato.redirector.Redirector/]: Redirecting com/github/alexthe666/citadel/server/entity/pathfinding/raycoms/PathFindingStatus
[13Jan2025 04:10:38.377] [Server thread/INFO] [com.teampotato.redirector.Redirector/]: Redirecting com/github/alexthe666/citadel/server/entity/pathfinding/raycoms/AbstractAdvancedPathNavigate$RestrictionType
[13Jan2025 04:10:38.383] [Citadel Pathfinding Worker #0/INFO] [com.teampotato.redirector.Redirector/]: Redirecting com/github/alexthe666/citadel/server/entity/pathfinding/raycoms/SurfaceType
[13Jan2025 04:11:00.641] [Netty Epoll Server IO #1/INFO] [com.teampotato.redirector.Redirector/]: Redirecting net/minecraft/network/protocol/PacketFlow
[13Jan2025 04:11:00.647] [Netty Epoll Server IO #1/INFO] [com.teampotato.redirector.Redirector/]: Redirecting me/steinborn/krypton/mod/shared/network/VarintByteDecoder$DecodeResult
[13Jan2025 04:11:00.661] [Netty Epoll Server IO #1/INFO] [com.teampotato.redirector.Redirector/]: Redirecting net/minecraft/network/ConnectionProtocol
[13Jan2025 04:11:00.681] [Netty Epoll Server IO #1/INFO] [com.teampotato.redirector.Redirector/]: Redirecting net/minecraft/network/protocol/game/ClientboundCustomChatCompletionsPacket$Action
[13Jan2025 04:11:00.698] [Netty Epoll Server IO #1/INFO] [com.teampotato.redirector.Redirector/]: Redirecting net/minecraft/network/protocol/game/ClientboundRecipePacket$State
[13Jan2025 04:11:00.717] [Netty Epoll Server IO #1/INFO] [com.teampotato.redirector.Redirector/]: Redirecting net/minecraft/server/ServerScoreboard$Method
[13Jan2025 04:11:00.727] [Netty Epoll Server IO #1/INFO] [mixin/]: Mixing server.MixinServerboundChatCommandPacket from mixins/common/nochatreports.mixins.json into net.minecraft.network.protocol.game.ServerboundChatCommandPacket
[13Jan2025 04:11:00.728] [Netty Epoll Server IO #1/INFO] [mixin/]: Mixing server.MixinServerboundChatPacket from mixins/common/nochatreports.mixins.json into net.minecraft.network.protocol.game.ServerboundChatPacket
[13Jan2025 04:11:00.729] [Netty Epoll Server IO #1/INFO] [mixin/]: Mixing server.MixinServerboundChatSessionUpdatePacket from mixins/common/nochatreports.mixins.json into net.minecraft.network.protocol.game.ServerboundChatSessionUpdatePacket
[13Jan2025 04:11:00.731] [Netty Epoll Server IO #1/INFO] [com.teampotato.redirector.Redirector/]: Redirecting net/minecraft/network/protocol/game/ServerboundClientCommandPacket$Action
[13Jan2025 04:11:00.732] [Netty Epoll Server IO #1/INFO] [com.teampotato.redirector.Redirector/]: Redirecting net/minecraft/world/entity/player/ChatVisiblity
[13Jan2025 04:11:00.736] [Netty Epoll Server IO #1/INFO] [com.teampotato.redirector.Redirector/]: Redirecting net/minecraft/network/protocol/game/ServerboundInteractPacket$ActionType
[13Jan2025 04:11:00.741] [Netty Epoll Server IO #1/INFO] [com.teampotato.redirector.Redirector/]: Redirecting net/minecraft/network/protocol/game/ServerboundPlayerActionPacket$Action
[13Jan2025 04:11:00.742] [Netty Epoll Server IO #1/INFO] [com.teampotato.redirector.Redirector/]: Redirecting net/minecraft/network/protocol/game/ServerboundPlayerCommandPacket$Action
[13Jan2025 04:11:00.744] [Netty Epoll Server IO #1/INFO] [com.teampotato.redirector.Redirector/]: Redirecting net/minecraft/world/inventory/RecipeBookType
[13Jan2025 04:11:00.745] [Netty Epoll Server IO #1/INFO] [com.teampotato.redirector.Redirector/]: Redirecting net/minecraft/network/protocol/game/ServerboundResourcePackPacket$Action
[13Jan2025 04:11:00.746] [Netty Epoll Server IO #1/INFO] [com.teampotato.redirector.Redirector/]: Redirecting net/minecraft/network/protocol/game/ServerboundSeenAdvancementsPacket$Action
[13Jan2025 04:11:00.748] [Netty Epoll Server IO #1/INFO] [com.teampotato.redirector.Redirector/]: Redirecting net/minecraft/world/level/block/entity/CommandBlockEntity$Mode
[13Jan2025 04:11:00.751] [Netty Epoll Server IO #1/INFO] [com.teampotato.redirector.Redirector/]: Redirecting net/minecraft/world/level/block/entity/StructureBlockEntity$UpdateType
[13Jan2025 04:11:00.951] [Netty Epoll Server IO #1/INFO] [com.teampotato.redirector.Redirector/]: Redirecting net/minecraftforge/network/ConnectionType
[13Jan2025 04:11:01.012] [Netty Epoll Server IO #1/INFO] [com.teampotato.redirector.Redirector/]: Redirecting net/minecraft/server/network/ServerLoginPacketListenerImpl$State
[13Jan2025 04:11:03.428] [Netty Epoll Server IO #1/INFO] [com.teampotato.redirector.Redirector/]: Redirecting me/steinborn/krypton/mod/shared/misc/KryptonPipelineEvent
[13Jan2025 04:11:03.433] [Server thread/WARN] [net.minecraft.network.syncher.SynchedEntityData/]: defineId called for: class net.minecraft.world.entity.player.Player from class tschipp.carryon.common.carry.CarryOnDataManager
[13Jan2025 04:11:03.434] [Netty Epoll Server IO #1/INFO] [com.teampotato.redirector.Redirector/]: Redirecting com/velocitypowered/natives/util/BufferPreference
[13Jan2025 04:11:03.542] [Server thread/INFO] [com.teampotato.redirector.Redirector/]: Redirecting net/minecraft/world/entity/player/PlayerModelPart
[13Jan2025 04:11:03.562] [Server thread/INFO] [com.teampotato.redirector.Redirector/]: Redirecting tschipp/carryon/common/carry/CarryOnData$CarryType
[13Jan2025 04:11:03.569] [Server thread/INFO] [net.minecraft.server.players.PlayerList/]: ElFaxx[/127.23.36.210:47181] logged in with entity id 23 at (-3867.4621285096396, 225.0, -1949.2688062531026)
[13Jan2025 04:11:03.579] [Server thread/INFO] [com.teampotato.redirector.Redirector/]: Redirecting net/minecraftforge/network/filters/VanillaPacketSplitter$RemoteCompatibility
[13Jan2025 04:11:03.593] [Server thread/INFO] [com.teampotato.redirector.Redirector/]: Redirecting com/github/alexthe666/iceandfire/entity/EntityAmphithere$FlightBehavior
[13Jan2025 04:11:03.596] [Server thread/INFO] [com.teampotato.redirector.Redirector/]: Redirecting com/github/alexthe666/iceandfire/entity/IafDragonAttacks$Air
[13Jan2025 04:11:03.596] [Server thread/INFO] [com.teampotato.redirector.Redirector/]: Redirecting com/github/alexthe666/iceandfire/entity/IafDragonAttacks$Ground
[13Jan2025 04:11:03.599] [Server thread/INFO] [com.teampotato.redirector.Redirector/]: Redirecting com/github/L_Ender/cataclysm/entity/Pet/Modern_Remnant_Entity$AttackMode
[13Jan2025 04:11:03.613] [Server thread/INFO] [com.teampotato.redirector.Redirector/]: Redirecting net/minecraft/world/entity/monster/SpellcasterIllager$IllagerSpell
[13Jan2025 04:11:03.614] [Server thread/INFO] [com.teampotato.redirector.Redirector/]: Redirecting com/github/L_Ender/cataclysm/entity/AnimationMonster/BossMonsters/Nameless_Sorcerer_Entity$SpellType
[13Jan2025 04:11:03.615] [Server thread/INFO] [com.teampotato.redirector.Redirector/]: Redirecting com/github/L_Ender/cataclysm/entity/InternalAnimationMonster/IABossMonsters/Ancient_Remnant/Ancient_Remnant_Entity$AttackMode
[13Jan2025 04:11:03.617] [Server thread/INFO] [com.teampotato.redirector.Redirector/]: Redirecting twilightforest/entity/boss/KnightPhantom$Formation
[13Jan2025 04:11:03.618] [Server thread/INFO] [com.teampotato.redirector.Redirector/]: Redirecting com/github/L_Ender/cataclysm/entity/Pet/The_Baby_Leviathan_Entity$AttackMode
[13Jan2025 04:11:03.620] [Server thread/INFO] [com.teampotato.redirector.Redirector/]: Redirecting com/github/L_Ender/cataclysm/entity/AnimationMonster/BossMonsters/Ancient_Ancient_Remnant_Entity$AttackMode
[13Jan2025 04:11:03.621] [Server thread/INFO] [com.teampotato.redirector.Redirector/]: Redirecting com/github/alexthe666/alexsmobs/entity/EntityMimicOctopus$MimicState
[13Jan2025 04:11:03.624] [Server thread/INFO] [com.teampotato.redirector.Redirector/]: Redirecting com/github/L_Ender/cataclysm/entity/AnimationMonster/BossMonsters/The_Leviathan/The_Leviathan_Entity$AttackMode
[13Jan2025 04:11:03.655] [Server thread/INFO] [com.teampotato.redirector.Redirector/]: Redirecting yesman/epicfight/network/server/SPChangeGamerule$SynchronizedGameRules
[13Jan2025 04:11:03.738] [Server thread/INFO] [net.minecraft.server.MinecraftServer/]: ElFaxx joined the game
[13Jan2025 04:11:03.739] [Server thread/INFO] [com.teampotato.redirector.Redirector/]: Redirecting net/minecraft/world/entity/RelativeMovement
[13Jan2025 04:11:03.757] [Server thread/INFO] [com.teampotato.redirector.Redirector/]: Redirecting yesman/epicfight/network/server/SPChangeSkill$State
[13Jan2025 04:11:03.845] [Server thread/INFO] [Jade/]: Syncing config to ElFaxx (9e2d1f74-1c06-3d6c-8caf-73b61c7b7da6)
[13Jan2025 04:11:03.916] [Server thread/INFO] [com.teampotato.redirector.Redirector/]: Redirecting net/minecraft/server/advancements/AdvancementVisibilityEvaluator$VisibilityRule
[13Jan2025 04:11:04.099] [Server thread/INFO] [com.teampotato.redirector.Redirector/]: Redirecting com/github/alexthe666/iceandfire/enums/EnumBestiaryPages
[13Jan2025 04:11:04.261] [Server thread/INFO] [com.teampotato.redirector.Redirector/]: Redirecting net/minecraft/world/level/chunk/LevelChunk$EntityCreationType
[13Jan2025 04:11:04.881] [Netty Epoll Server IO #1/INFO] [com.teampotato.redirector.Redirector/]: Redirecting net/minecraftforge/network/NetworkEvent$RegistrationChangeType
[13Jan2025 04:11:05.721] [Server thread/INFO] [com.teampotato.redirector.Redirector/]: Redirecting com/github/alexthe666/iceandfire/pathfinding/raycoms/AdvancedPathNavigate$MovementType
[13Jan2025 04:11:05.935] [Server thread/INFO] [com.teampotato.redirector.Redirector/]: Redirecting net/minecraft/world/entity/vehicle/Boat$Status
[13Jan2025 04:11:06.137] [Server thread/INFO] [com.teampotato.redirector.Redirector/]: Redirecting net/minecraft/world/phys/HitResult$Type
[13Jan2025 04:11:24.925] [Server thread/INFO] [com.teampotato.redirector.Redirector/]: Redirecting fuzs/puzzleslib/api/event/v1/core/EventResult
[13Jan2025 04:11:29.434] [Server thread/INFO] [com.teampotato.redirector.Redirector/]: Redirecting yesman/epicfight/skill/guard/GuardSkill$BlockType
[13Jan2025 04:12:24.736] [Server thread/INFO] [com.teampotato.redirector.Redirector/]: Redirecting yesman/epicfight/world/entity/eventlistener/ComboCounterHandleEvent$Causal
[13Jan2025 04:13:23.777] [Server thread/INFO] [com.teampotato.redirector.Redirector/]: Redirecting net/minecraftforge/event/entity/living/LivingChangeTargetEvent$LivingTargetType
[13Jan2025 04:14:45.317] [Server thread/INFO] [net.minecraft.server.players.PlayerList/]: Fr0chi[/127.130.214.70:49003] logged in with entity id 293 at (-1263.8178749226704, 116.0, -1918.844946741269)
[13Jan2025 04:14:45.340] [Server thread/INFO] [net.minecraft.server.MinecraftServer/]: Fr0chi joined the game
[13Jan2025 04:14:45.350] [Server thread/INFO] [Jade/]: Syncing config to Fr0chi (1cb963a5-c9ae-3bcd-80bf-19424ecd65cc)
[13Jan2025 04:14:45.893] [Server thread/INFO] [com.teampotato.redirector.Redirector/]: Redirecting tallestegg/guardvillagers/entities/ai/goals/RangedCrossbowAttackPassiveGoal$CrossbowState
[13Jan2025 04:14:46.651] [Server thread/INFO] [com.teampotato.redirector.Redirector/]: Redirecting net/minecraft/world/entity/animal/IronGolem$Crackiness
[13Jan2025 04:14:46.913] [Server thread/INFO] [com.teampotato.redirector.Redirector/]: Redirecting com/github/alexthe666/iceandfire/entity/ai/MyrmexAIReEnterHive$Phases
[13Jan2025 04:14:47.660] [Server thread/INFO] [com.teampotato.redirector.Redirector/]: Redirecting com/github/alexthe666/iceandfire/pathfinding/raycoms/PathFindingStatus
[13Jan2025 04:14:47.660] [Server thread/INFO] [com.teampotato.redirector.Redirector/]: Redirecting com/github/alexthe666/iceandfire/pathfinding/raycoms/AbstractAdvancedPathNavigate$RestrictionType
[13Jan2025 04:14:47.664] [Ice and Fire Pathfinding Worker #0/INFO] [com.teampotato.redirector.Redirector/]: Redirecting com/github/alexthe666/iceandfire/pathfinding/raycoms/SurfaceType
[13Jan2025 04:14:58.059] [Server thread/INFO] [com.teampotato.redirector.Redirector/]: Redirecting net/blay09/mods/waystones/core/WarpMode
[13Jan2025 04:15:01.875] [Server thread/INFO] [com.teampotato.redirector.Redirector/]: Redirecting net/blay09/mods/waystones/api/EventResult
[13Jan2025 04:15:01.966] [Server thread/INFO] [com.teampotato.redirector.Redirector/]: Redirecting net/minecraft/world/entity/animal/Panda$Gene
[13Jan2025 04:15:03.287] [Server thread/INFO] [com.teampotato.redirector.Redirector/]: Redirecting net/minecraft/world/entity/ai/goal/RangedCrossbowAttackGoal$CrossbowState
[13Jan2025 04:15:06.977] [Server thread/INFO] [com.teampotato.redirector.Redirector/]: Redirecting net/minecraft/world/entity/monster/AbstractIllager$IllagerArmPose
[13Jan2025 04:15:27.539] [Server thread/INFO] [com.teampotato.redirector.Redirector/]: Redirecting de/keksuccino/fancymenu/networking/PacketHandler$PacketDirection
[13Jan2025 04:16:14.705] [Server thread/INFO] [com.teampotato.redirector.Redirector/]: Redirecting fr/rakambda/fallingtree/common/tree/AbortedResult
[13Jan2025 04:16:23.354] [Server thread/INFO] [net.minecraft.server.MinecraftServer/]: [Fr0chi: Teleported Fr0chi to ElFaxx]
[13Jan2025 04:16:42.730] [Server thread/INFO] [com.teampotato.redirector.Redirector/]: Redirecting net/minecraft/world/entity/projectile/AbstractArrow$Pickup
[13Jan2025 04:16:43.282] [Server thread/INFO] [com.teampotato.redirector.Redirector/]: Redirecting net/minecraftforge/event/entity/ProjectileImpactEvent$ImpactResult
[13Jan2025 04:17:03.959] [Server thread/INFO] [com.teampotato.redirector.Redirector/]: Redirecting fr/rakambda/fallingtree/common/tree/TreePartType
[13Jan2025 04:17:05.681] [Server thread/INFO] [com.teampotato.redirector.Redirector/]: Redirecting net/minecraftforge/event/entity/player/AdvancementEvent$AdvancementProgressEvent$ProgressType
[13Jan2025 04:17:05.682] [Server thread/INFO] [net.minecraft.server.MinecraftServer/]: ElFaxx has reached the goal [Flowers of the Savanna]
[13Jan2025 04:17:22.848] [Netty Epoll Server IO #4/WARN] [com.connectivity.Connectivity/]: Packet:ServerboundBlockEntityTagQuery  id 1 larger than expected error detected, printing packet and buffer. Stacktrace gets logged after this
[13Jan2025 04:17:22.853] [Netty Epoll Server IO #0/WARN] [com.connectivity.Connectivity/]: Packet:ServerboundBlockEntityTagQuery  id 1 larger than expected error detected, printing packet and buffer. Stacktrace gets logged after this
[13Jan2025 04:17:22.855] [Netty Epoll Server IO #0/WARN] [com.connectivity.Connectivity/]: Packet data:
{
  "f_133798_": 1,
  "f_133799_": "BlockPos{x=2884608, y=894, z=1077296}"
}
[13Jan2025 04:17:22.855] [Netty Epoll Server IO #4/WARN] [com.connectivity.Connectivity/]: Packet data:
{
  "f_133798_": 1,
  "f_133799_": "BlockPos{x=6030336, y=905, z=1126448}"
}
[13Jan2025 04:17:22.855] [Netty Epoll Server IO #0/WARN] [com.connectivity.Connectivity/]: Packet:PooledUnsafeDirectByteBuf  id 1 data of 11 extra bytes: 
[13Jan2025 04:17:22.855] [Netty Epoll Server IO #4/WARN] [com.connectivity.Connectivity/]: Packet:PooledUnsafeDirectByteBuf  id 1 data of 11 extra bytes: 
[13Jan2025 04:17:22.859] [Netty Epoll Server IO #4/WARN] [com.connectivity.Connectivity/]: Packet data:
[
  "<partial numeric data>",
  "[17, -2, -77, 96, -119, -74, -74, -49, -97, 64, 16]"
]
[13Jan2025 04:17:22.859] [Netty Epoll Server IO #0/WARN] [com.connectivity.Connectivity/]: Packet data:
[
  "<partial numeric data>",
  "[111, 37, 127, -31, 67, -73, 25, -14, -92, 18, 120]"
]
[13Jan2025 04:17:22.910] [Netty Epoll Server IO #6/WARN] [com.connectivity.Connectivity/]: Packet:ServerboundBlockEntityTagQuery  id 1 larger than expected error detected, printing packet and buffer. Stacktrace gets logged after this
[13Jan2025 04:17:22.911] [Netty Epoll Server IO #6/WARN] [com.connectivity.Connectivity/]: Packet data:
{
  "f_133798_": 1,
  "f_133799_": "BlockPos{x=2884608, y=806, z=1077296}"
}
[13Jan2025 04:17:22.911] [Netty Epoll Server IO #6/WARN] [com.connectivity.Connectivity/]: Packet:PooledUnsafeDirectByteBuf  id 1 data of 11 extra bytes: 
[13Jan2025 04:17:22.912] [Netty Epoll Server IO #6/WARN] [com.connectivity.Connectivity/]: Packet data:
[
  "<partial numeric data>",
  "[-95, -119, -35, 111, 75, -30, 63, -70, 45, -122, -35]"
]
[13Jan2025 04:17:23.034] [Netty Epoll Server IO #3/WARN] [com.connectivity.Connectivity/]: Packet:ServerboundBlockEntityTagQuery  id 1 larger than expected error detected, printing packet and buffer. Stacktrace gets logged after this
[13Jan2025 04:17:23.034] [Netty Epoll Server IO #3/WARN] [com.connectivity.Connectivity/]: Packet data:
{
  "f_133798_": 1,
  "f_133799_": "BlockPos{x=2884608, y=795, z=1077296}"
}
[13Jan2025 04:17:23.035] [Netty Epoll Server IO #3/WARN] [com.connectivity.Connectivity/]: Packet:PooledUnsafeDirectByteBuf  id 1 data of 11 extra bytes: 
[13Jan2025 04:17:23.035] [Netty Epoll Server IO #3/WARN] [com.connectivity.Connectivity/]: Packet data:
[
  "<partial numeric data>",
  "[28, 27, 46, 59, 76, 34, -62, -40, 28, -24, -112]"
]
[13Jan2025 04:17:23.547] [Netty Epoll Server IO #4/WARN] [com.connectivity.Connectivity/]: Packet:ServerboundBlockEntityTagQuery  id 1 larger than expected error detected, printing packet and buffer. Stacktrace gets logged after this
[13Jan2025 04:17:23.547] [Netty Epoll Server IO #4/WARN] [com.connectivity.Connectivity/]: Packet data:
{
  "f_133798_": 1,
  "f_133799_": "BlockPos{x=2884608, y=972, z=1077296}"
}
[13Jan2025 04:17:23.548] [Netty Epoll Server IO #4/WARN] [com.connectivity.Connectivity/]: Packet:PooledUnsafeDirectByteBuf  id 1 data of 11 extra bytes: 
[13Jan2025 04:17:23.548] [Netty Epoll Server IO #4/WARN] [com.connectivity.Connectivity/]: Packet data:
[
  "<partial numeric data>",
  "[-113, 122, -6, -79, -56, 78, -26, -33, -58, 125, 24]"
]
[13Jan2025 04:17:23.554] [Netty Epoll Server IO #7/WARN] [com.connectivity.Connectivity/]: Packet:ServerboundBlockEntityTagQuery  id 1 larger than expected error detected, printing packet and buffer. Stacktrace gets logged after this
[13Jan2025 04:17:23.555] [Netty Epoll Server IO #7/WARN] [com.connectivity.Connectivity/]: Packet data:
{
  "f_133798_": 1,
  "f_133799_": "BlockPos{x=2884608, y=913, z=1077296}"
}
[13Jan2025 04:17:23.555] [Netty Epoll Server IO #7/WARN] [com.connectivity.Connectivity/]: Packet:PooledUnsafeDirectByteBuf  id 1 data of 11 extra bytes: 
[13Jan2025 04:17:23.555] [Netty Epoll Server IO #7/WARN] [com.connectivity.Connectivity/]: Packet data:
[
  "<partial numeric data>",
  "[-17, -44, 41, 91, -63, 24, 91, 3, 72, 8, -111]"
]
[13Jan2025 04:17:23.988] [Netty Epoll Server IO #6/WARN] [com.connectivity.Connectivity/]: Packet:ServerboundBlockEntityTagQuery  id 1 larger than expected error detected, printing packet and buffer. Stacktrace gets logged after this
[13Jan2025 04:17:23.988] [Netty Epoll Server IO #6/WARN] [com.connectivity.Connectivity/]: Packet data:
{
  "f_133798_": 0,
  "f_133799_": "BlockPos{x=-7863296, y=1017, z=909360}"
}
[13Jan2025 04:17:23.988] [Netty Epoll Server IO #6/WARN] [com.connectivity.Connectivity/]: Packet:PooledUnsafeDirectByteBuf  id 1 data of 11 extra bytes: 
[13Jan2025 04:17:23.989] [Netty Epoll Server IO #6/WARN] [com.connectivity.Connectivity/]: Packet data:
[
  "<partial numeric data>",
  "[-97, -76, -29, -58, 21, -9, 68, -41, -42, -31, 126]"
]
[13Jan2025 04:17:24.688] [Netty Epoll Server IO #1/WARN] [com.connectivity.Connectivity/]: Packet:ServerboundBlockEntityTagQuery  id 1 larger than expected error detected, printing packet and buffer. Stacktrace gets logged after this
[13Jan2025 04:17:24.689] [Netty Epoll Server IO #1/WARN] [com.connectivity.Connectivity/]: Packet data:
{
  "f_133798_": 1,
  "f_133799_": "BlockPos{x=2884608, y=961, z=1077296}"
}
[13Jan2025 04:17:24.689] [Netty Epoll Server IO #1/WARN] [com.connectivity.Connectivity/]: Packet:PooledUnsafeDirectByteBuf  id 1 data of 11 extra bytes: 
[13Jan2025 04:17:24.689] [Netty Epoll Server IO #1/WARN] [com.connectivity.Connectivity/]: Packet data:
[
  "<partial numeric data>",
  "[-65, -97, 20, -84, 80, 12, -18, 101, -23, -94, 118]"
]
[13Jan2025 04:17:25.116] [Netty Epoll Server IO #5/WARN] [com.connectivity.Connectivity/]: Packet:ServerboundBlockEntityTagQuery  id 1 larger than expected error detected, printing packet and buffer. Stacktrace gets logged after this
[13Jan2025 04:17:25.117] [Netty Epoll Server IO #5/WARN] [com.connectivity.Connectivity/]: Packet data:
{
  "f_133798_": 0,
  "f_133799_": "BlockPos{x=-11009024, y=900, z=860208}"
}
[13Jan2025 04:17:25.117] [Netty Epoll Server IO #5/WARN] [com.connectivity.Connectivity/]: Packet:PooledUnsafeDirectByteBuf  id 1 data of 11 extra bytes: 
[13Jan2025 04:17:25.118] [Netty Epoll Server IO #5/WARN] [com.connectivity.Connectivity/]: Packet data:
[
  "<partial numeric data>",
  "[-36, 7, -13, 83, 61, 11, 40, 116, 72, 107, -23]"
]
[13Jan2025 04:17:25.239] [Netty Epoll Server IO #2/WARN] [com.connectivity.Connectivity/]: Packet:ServerboundBlockEntityTagQuery  id 1 larger than expected error detected, printing packet and buffer. Stacktrace gets logged after this
[13Jan2025 04:17:25.239] [Netty Epoll Server IO #2/WARN] [com.connectivity.Connectivity/]: Packet data:
{
  "f_133798_": 1,
  "f_133799_": "BlockPos{x=2884608, y=853, z=1077296}"
}
[13Jan2025 04:17:25.239] [Netty Epoll Server IO #2/WARN] [com.connectivity.Connectivity/]: Packet:PooledUnsafeDirectByteBuf  id 1 data of 11 extra bytes: 
[13Jan2025 04:17:25.240] [Netty Epoll Server IO #2/WARN] [com.connectivity.Connectivity/]: Packet data:
[
  "/3[CL? E"
]
[13Jan2025 04:17:25.406] [Netty Epoll Server IO #4/WARN] [com.connectivity.Connectivity/]: Packet:ServerboundBlockEntityTagQuery  id 1 larger than expected error detected, printing packet and buffer. Stacktrace gets logged after this
[13Jan2025 04:17:25.407] [Netty Epoll Server IO #4/WARN] [com.connectivity.Connectivity/]: Packet data:
{
  "f_133798_": 1,
  "f_133799_": "BlockPos{x=2884608, y=843, z=1077296}"
}
[13Jan2025 04:17:25.407] [Netty Epoll Server IO #4/WARN] [com.connectivity.Connectivity/]: Packet:PooledUnsafeDirectByteBuf  id 1 data of 11 extra bytes: 
[13Jan2025 04:17:25.407] [Netty Epoll Server IO #4/WARN] [com.connectivity.Connectivity/]: Packet data:
[
  "<partial numeric data>",
  "[30, -128, -33, -26, -23, -37, 113, -123, 120, 4, -71]"
]
[13Jan2025 04:17:26.239] [Netty Epoll Server IO #6/WARN] [com.connectivity.Connectivity/]: Packet:ServerboundBlockEntityTagQuery  id 1 larger than expected error detected, printing packet and buffer. Stacktrace gets logged after this
[13Jan2025 04:17:26.239] [Netty Epoll Server IO #7/WARN] [com.connectivity.Connectivity/]: Packet:ServerboundBlockEntityTagQuery  id 1 larger than expected error detected, printing packet and buffer. Stacktrace gets logged after this
[13Jan2025 04:17:26.239] [Netty Epoll Server IO #6/WARN] [com.connectivity.Connectivity/]: Packet data:
{
  "f_133798_": 1,
  "f_133799_": "BlockPos{x=2884608, y=895, z=1077296}"
}
[13Jan2025 04:17:26.240] [Netty Epoll Server IO #6/WARN] [com.connectivity.Connectivity/]: Packet:PooledUnsafeDirectByteBuf  id 1 data of 11 extra bytes: 
[13Jan2025 04:17:26.240] [Netty Epoll Server IO #7/WARN] [com.connectivity.Connectivity/]: Packet data:
{
  "f_133798_": 1,
  "f_133799_": "BlockPos{x=2884608, y=943, z=1077296}"
}
[13Jan2025 04:17:26.240] [Netty Epoll Server IO #6/WARN] [com.connectivity.Connectivity/]: Packet data:
[
  "<partial numeric data>",
  "[53, 46, -30, -121, 15, 124, 32, -101, -79, 20, 26]"
]
[13Jan2025 04:17:26.240] [Netty Epoll Server IO #7/WARN] [com.connectivity.Connectivity/]: Packet:PooledUnsafeDirectByteBuf  id 1 data of 11 extra bytes: 
[13Jan2025 04:17:26.240] [Netty Epoll Server IO #7/WARN] [com.connectivity.Connectivity/]: Packet data:
[
  "Enable debugPrintMessages to display this data"
]
[13Jan2025 04:17:26.241] [Netty Epoll Server IO #7/WARN] [com.connectivity.Connectivity/]: Network error in:packet_handler with:net.minecraft.server.network.ServerHandshakePacketListenerImpl@167a5a2e
io.netty.handler.codec.DecoderException: java.io.IOException: Packet 0/1 (ServerboundBlockEntityTagQuery) was larger than I expected, found 11 bytes extra whilst reading packet 1
	at io.netty.handler.codec.ByteToMessageDecoder.callDecode(ByteToMessageDecoder.java:489) ~[netty-codec-4.1.82.Final.jar%2381!/:4.1.82.Final]
	at io.netty.handler.codec.ByteToMessageDecoder.channelInputClosed(ByteToMessageDecoder.java:416) ~[netty-codec-4.1.82.Final.jar%2381!/:4.1.82.Final]
	at io.netty.handler.codec.ByteToMessageDecoder.channelInputClosed(ByteToMessageDecoder.java:383) ~[netty-codec-4.1.82.Final.jar%2381!/:4.1.82.Final]
	at io.netty.handler.codec.ByteToMessageDecoder.channelInactive(ByteToMessageDecoder.java:366) ~[netty-codec-4.1.82.Final.jar%2381!/:4.1.82.Final]
	at io.netty.channel.AbstractChannelHandlerContext.invokeChannelInactive(AbstractChannelHandlerContext.java:262) ~[netty-transport-4.1.82.Final.jar%2385!/:4.1.82.Final]
	at io.netty.channel.AbstractChannelHandlerContext.invokeChannelInactive(AbstractChannelHandlerContext.java:248) ~[netty-transport-4.1.82.Final.jar%2385!/:4.1.82.Final]
	at io.netty.channel.AbstractChannelHandlerContext.fireChannelInactive(AbstractChannelHandlerContext.java:241) ~[netty-transport-4.1.82.Final.jar%2385!/:4.1.82.Final]
	at io.netty.handler.codec.ByteToMessageDecoder.channelInputClosed(ByteToMessageDecoder.java:401) ~[netty-codec-4.1.82.Final.jar%2381!/:4.1.82.Final]
	at io.netty.handler.codec.ByteToMessageDecoder.channelInactive(ByteToMessageDecoder.java:366) ~[netty-codec-4.1.82.Final.jar%2381!/:4.1.82.Final]
	at io.netty.channel.AbstractChannelHandlerContext.invokeChannelInactive(AbstractChannelHandlerContext.java:262) ~[netty-transport-4.1.82.Final.jar%2385!/:4.1.82.Final]
	at io.netty.channel.AbstractChannelHandlerContext.invokeChannelInactive(AbstractChannelHandlerContext.java:248) ~[netty-transport-4.1.82.Final.jar%2385!/:4.1.82.Final]
	at io.netty.channel.AbstractChannelHandlerContext.fireChannelInactive(AbstractChannelHandlerContext.java:241) ~[netty-transport-4.1.82.Final.jar%2385!/:4.1.82.Final]
	at io.netty.channel.ChannelInboundHandlerAdapter.channelInactive(ChannelInboundHandlerAdapter.java:81) ~[netty-transport-4.1.82.Final.jar%2385!/:4.1.82.Final]
	at io.netty.handler.timeout.IdleStateHandler.channelInactive(IdleStateHandler.java:277) ~[netty-handler-4.1.82.Final.jar%2383!/:4.1.82.Final]
	at io.netty.channel.AbstractChannelHandlerContext.invokeChannelInactive(AbstractChannelHandlerContext.java:262) ~[netty-transport-4.1.82.Final.jar%2385!/:4.1.82.Final]
	at io.netty.channel.AbstractChannelHandlerContext.invokeChannelInactive(AbstractChannelHandlerContext.java:248) ~[netty-transport-4.1.82.Final.jar%2385!/:4.1.82.Final]
	at io.netty.channel.AbstractChannelHandlerContext.fireChannelInactive(AbstractChannelHandlerContext.java:241) ~[netty-transport-4.1.82.Final.jar%2385!/:4.1.82.Final]
	at io.netty.channel.DefaultChannelPipeline$HeadContext.channelInactive(DefaultChannelPipeline.java:1405) ~[netty-transport-4.1.82.Final.jar%2385!/:4.1.82.Final]
	at io.netty.channel.AbstractChannelHandlerContext.invokeChannelInactive(AbstractChannelHandlerContext.java:262) ~[netty-transport-4.1.82.Final.jar%2385!/:4.1.82.Final]
	at io.netty.channel.AbstractChannelHandlerContext.invokeChannelInactive(AbstractChannelHandlerContext.java:248) ~[netty-transport-4.1.82.Final.jar%2385!/:4.1.82.Final]
	at io.netty.channel.DefaultChannelPipeline.fireChannelInactive(DefaultChannelPipeline.java:901) ~[netty-transport-4.1.82.Final.jar%2385!/:4.1.82.Final]
	at io.netty.channel.AbstractChannel$AbstractUnsafe$7.run(AbstractChannel.java:813) ~[netty-transport-4.1.82.Final.jar%2385!/:4.1.82.Final]
	at io.netty.util.concurrent.AbstractEventExecutor.runTask(AbstractEventExecutor.java:174) ~[netty-common-4.1.82.Final.jar%2382!/:4.1.82.Final]
	at io.netty.util.concurrent.AbstractEventExecutor.safeExecute(AbstractEventExecutor.java:167) ~[netty-common-4.1.82.Final.jar%2382!/:4.1.82.Final]
	at io.netty.util.concurrent.SingleThreadEventExecutor.runAllTasks(SingleThreadEventExecutor.java:470) ~[netty-common-4.1.82.Final.jar%2382!/:4.1.82.Final]
	at io.netty.channel.epoll.EpollEventLoop.run(EpollEventLoop.java:403) ~[netty-transport-classes-epoll-4.1.82.Final.jar%2386!/:4.1.82.Final]
	at io.netty.util.concurrent.SingleThreadEventExecutor$4.run(SingleThreadEventExecutor.java:997) ~[netty-common-4.1.82.Final.jar%2382!/:4.1.82.Final]
	at io.netty.util.internal.ThreadExecutorMap$2.run(ThreadExecutorMap.java:74) ~[netty-common-4.1.82.Final.jar%2382!/:4.1.82.Final]
	at java.lang.Thread.run(Thread.java:840) ~[?:?]
Caused by: java.io.IOException: Packet 0/1 (ServerboundBlockEntityTagQuery) was larger than I expected, found 11 bytes extra whilst reading packet 1
	at net.minecraft.network.PacketDecoder.handler$zzm000$onDecode(PacketDecoder.java:560) ~[server-1.20.1-20230612.114412-srg.jar%23321!/:?]
	at net.minecraft.network.PacketDecoder.decode(PacketDecoder.java:47) ~[server-1.20.1-20230612.114412-srg.jar%23321!/:?]
	at io.netty.handler.codec.ByteToMessageDecoder.decodeRemovalReentryProtection(ByteToMessageDecoder.java:519) ~[netty-codec-4.1.82.Final.jar%2381!/:4.1.82.Final]
	at io.netty.handler.codec.ByteToMessageDecoder.callDecode(ByteToMessageDecoder.java:458) ~[netty-codec-4.1.82.Final.jar%2381!/:4.1.82.Final]
	... 28 more
[13Jan2025 04:18:36.568] [Server thread/INFO] [com.teampotato.redirector.Redirector/]: Redirecting net/minecraftforge/fluids/capability/IFluidHandler$FluidAction
[13Jan2025 04:19:55.227] [Server thread/INFO] [com.teampotato.redirector.Redirector/]: Redirecting com/github/alexthe666/alexsmobs/entity/util/TerrapinTypes
[13Jan2025 04:19:56.895] [Server thread/INFO] [com.teampotato.redirector.Redirector/]: Redirecting net/minecraft/world/entity/monster/Phantom$AttackPhase
[13Jan2025 04:20:12.844] [Server thread/INFO] [com.teampotato.redirector.Redirector/]: Redirecting com/github/L_Ender/lionfishapi/server/animation/AnimationHandler
[13Jan2025 04:20:28.534] [Server thread/INFO] [com.teampotato.redirector.Redirector/]: Redirecting com/github/alexthe666/iceandfire/world/gen/WorldGenMyrmexHive$RoomType
[13Jan2025 04:20:31.079] [Server thread/WARN] [net.minecraft.server.network.ServerGamePacketListenerImpl/]: Lightning Dragon (vehicle of ElFaxx) moved too quickly! -11.302689085876409,-0.1162426014951734,-2.4387532759617443
[13Jan2025 04:20:31.080] [Server thread/WARN] [net.minecraft.server.network.ServerGamePacketListenerImpl/]: Lightning Dragon (vehicle of ElFaxx) moved too quickly! -13.261643506001292,-0.12844420234647203,-2.8789730875701025
[13Jan2025 04:20:31.080] [Server thread/WARN] [net.minecraft.server.network.ServerGamePacketListenerImpl/]: Lightning Dragon (vehicle of ElFaxx) moved too quickly! -15.237834779286231,-0.13920601429732926,-3.3192602517074192
[13Jan2025 04:20:31.081] [Server thread/WARN] [net.minecraft.server.network.ServerGamePacketListenerImpl/]: Lightning Dragon (vehicle of ElFaxx) moved too quickly! -17.229228957058467,-0.14869793243798313,-3.7596068207751614
[13Jan2025 04:20:31.152] [Server thread/WARN] [net.minecraft.server.network.ServerGamePacketListenerImpl/]: Lightning Dragon (vehicle of ElFaxx) moved too quickly! -9.870754513421844,-0.0546612173134946,-2.201395957226623
[13Jan2025 04:20:31.168] [Server thread/WARN] [net.minecraft.server.network.ServerGamePacketListenerImpl/]: Lightning Dragon (vehicle of ElFaxx) moved too quickly! -11.887384357222118,-0.06204520824114468,-2.6418411339641352
[13Jan2025 04:20:31.232] [Server thread/WARN] [net.minecraft.server.network.ServerGamePacketListenerImpl/]: Lightning Dragon (vehicle of ElFaxx) moved too quickly! -13.91449510529742,-0.06855788823932585,-3.082088899381233
[13Jan2025 04:20:31.271] [Server thread/WARN] [net.minecraft.server.network.ServerGamePacketListenerImpl/]: Lightning Dragon (vehicle of ElFaxx) moved too quickly! -15.950894603910228,-0.07430207199772099,-3.5219481561318844
[13Jan2025 04:20:48.857] [Server thread/INFO] [com.teampotato.redirector.Redirector/]: Redirecting net/minecraft/world/entity/animal/frog/ShootTongue$State
[13Jan2025 04:21:24.742] [Server thread/INFO] [net.minecraft.server.MinecraftServer/]: [Fr0chi: Teleported Fr0chi to -6719.500000, 108.500000, -2331.500000]
[13Jan2025 04:21:46.290] [Server thread/INFO] [net.minecraft.server.MinecraftServer/]: [Fr0chi: Teleported Fr0chi to -1261.500000, 119.500000, -1923.500000]
[13Jan2025 04:23:57.639] [Server thread/INFO] [com.teampotato.redirector.Redirector/]: Redirecting net/minecraft/world/level/levelgen/structure/StructureCheckResult
[13Jan2025 04:24:10.078] [Netty Epoll Server IO #1/ERROR] [net.minecraftforge.network.NetworkRegistry/NETREGISTRY]: Channels [carryon:carryonpackets,guardvillagers:main,citadel:main_channel,easymagic:1,iceandfire:main_channel,curios:main,fantasyfurniture:net,w2w2:main,cataclysm:main_channel,lionfishapi:main_channel,forge:tier_sorting,jet_and_elias_armors:jet_and_elias_armors,alexsmobs:main_channel,memory_of_the_past:memory_of_the_past,epicfight:network_manager,shifu_epic_fight_skill_recipe:shifu_epic_fight_skill_recipe,doggytalents:channel,twilightforest:channel,waystones:network,apexcore:main] rejected vanilla connections
[13Jan2025 04:24:10.084] [Netty Epoll Server IO #1/INFO] [net.minecraftforge.server.ServerLifecycleHooks/SERVERHOOKS]: [/127.32.52.231:45269] Disconnecting VANILLA connection attempt: This server has mods that require Forge to be installed on the client. Contact your server admin for more details.
[13Jan2025 04:24:32.638] [Server thread/INFO] [net.minecraft.server.network.ServerGamePacketListenerImpl/]: ElFaxx lost connection: Disconnected
[13Jan2025 04:24:32.638] [Server thread/INFO] [net.minecraft.server.MinecraftServer/]: ElFaxx left the game
[13Jan2025 04:24:32.711] [Server thread/WARN] [net.minecraft.network.Connection/]: handleDisconnection() called twice
[13Jan2025 04:24:42.151] [Server thread/INFO] [net.minecraft.server.players.PlayerList/]: ElFaxx[/127.23.36.210:57325] logged in with entity id 9977 at (-1821.03741266045, 79.0, -1681.0874414970037)
[13Jan2025 04:24:42.172] [Server thread/INFO] [net.minecraft.server.MinecraftServer/]: ElFaxx joined the game
[13Jan2025 04:24:42.180] [Server thread/INFO] [Jade/]: Syncing config to ElFaxx (9e2d1f74-1c06-3d6c-8caf-73b61c7b7da6)
[13Jan2025 04:28:15.228] [Server thread/INFO] [net.minecraft.server.MinecraftServer/]: [Fr0chi: Teleported Fr0chi to -6819.500000, 74.500000, -2379.500000]
[13Jan2025 04:28:25.411] [Worker-Main-2/INFO] [com.teampotato.redirector.Redirector/]: Redirecting com/github/alexthe666/iceandfire/world/IafWorldData$FeatureType
[13Jan2025 04:28:25.779] [Server thread/INFO] [com.teampotato.redirector.Redirector/]: Redirecting com/github/alexthe666/iceandfire/enums/EnumHippogryphTypes
[13Jan2025 04:28:26.516] [Worker-Main-3/INFO] [com.teampotato.redirector.Redirector/]: Redirecting net/minecraft/world/level/levelgen/OreVeinifier$VeinType
[13Jan2025 04:28:34.883] [Server thread/INFO] [com.teampotato.redirector.Redirector/]: Redirecting net/minecraft/world/level/Level$ExplosionInteraction
[13Jan2025 04:28:34.884] [Server thread/INFO] [com.teampotato.redirector.Redirector/]: Redirecting net/minecraft/world/level/Explosion$BlockInteraction
[13Jan2025 04:28:45.889] [Server thread/WARN] [net.minecraft.server.network.ServerGamePacketListenerImpl/]: Fr0chi moved wrongly!
[13Jan2025 04:30:43.608] [Server thread/INFO] [net.minecraft.server.MinecraftServer/]: [ElFaxx: Teleported ElFaxx to -911.500000, 162.500000, -2482.500000]
[13Jan2025 04:31:39.681] [Worker-Main-2/ERROR] [net.minecraft.world.entity.decoration.HangingEntity/]: Hanging entity at invalid position: BlockPos{x=-193, y=-45, z=-211}
[13Jan2025 04:31:39.689] [Worker-Main-2/ERROR] [net.minecraft.world.entity.decoration.HangingEntity/]: Hanging entity at invalid position: BlockPos{x=-183, y=-57, z=-210}
[13Jan2025 04:31:39.690] [Worker-Main-2/ERROR] [net.minecraft.world.entity.decoration.HangingEntity/]: Hanging entity at invalid position: BlockPos{x=-187, y=-49, z=-219}
[13Jan2025 04:31:39.690] [Worker-Main-2/ERROR] [net.minecraft.world.entity.decoration.HangingEntity/]: Hanging entity at invalid position: BlockPos{x=-189, y=-45, z=-211}
[13Jan2025 04:31:39.691] [Worker-Main-2/ERROR] [net.minecraft.world.entity.decoration.HangingEntity/]: Hanging entity at invalid position: BlockPos{x=-191, y=-45, z=-211}
[13Jan2025 04:31:39.701] [Worker-Main-2/ERROR] [net.minecraft.world.entity.decoration.HangingEntity/]: Hanging entity at invalid position: BlockPos{x=-291, y=-57, z=-315}
[13Jan2025 04:31:39.702] [Worker-Main-2/ERROR] [net.minecraft.world.entity.decoration.HangingEntity/]: Hanging entity at invalid position: BlockPos{x=-292, y=-57, z=-313}
[13Jan2025 04:31:39.702] [Worker-Main-2/ERROR] [net.minecraft.world.entity.decoration.HangingEntity/]: Hanging entity at invalid position: BlockPos{x=-294, y=-57, z=-313}
[13Jan2025 04:31:39.702] [Worker-Main-2/ERROR] [net.minecraft.world.entity.decoration.HangingEntity/]: Hanging entity at invalid position: BlockPos{x=-296, y=-57, z=-313}
[13Jan2025 04:31:39.705] [Worker-Main-2/ERROR] [net.minecraft.world.entity.decoration.HangingEntity/]: Hanging entity at invalid position: BlockPos{x=-295, y=-57, z=-315}
[13Jan2025 04:31:39.705] [Worker-Main-2/ERROR] [net.minecraft.world.entity.decoration.HangingEntity/]: Hanging entity at invalid position: BlockPos{x=-293, y=-57, z=-315}
[13Jan2025 04:31:41.392] [Worker-Main-1/ERROR] [net.minecraft.world.entity.decoration.HangingEntity/]: Hanging entity at invalid position: BlockPos{x=-183, y=-57, z=-201}
[13Jan2025 04:31:41.393] [Worker-Main-1/ERROR] [net.minecraft.world.entity.decoration.HangingEntity/]: Hanging entity at invalid position: BlockPos{x=-183, y=-58, z=-205}
[13Jan2025 04:34:08.988] [Server thread/WARN] [net.minecraft.server.network.ServerGamePacketListenerImpl/]: Fr0chi moved wrongly!
[13Jan2025 04:34:35.258] [Server thread/INFO] [com.teampotato.redirector.Redirector/]: Redirecting net/minecraftforge/event/level/NoteBlockEvent$Note
[13Jan2025 04:34:35.259] [Server thread/INFO] [com.teampotato.redirector.Redirector/]: Redirecting net/minecraftforge/event/level/NoteBlockEvent$Octave
[13Jan2025 04:34:36.394] [Server thread/WARN] [net.minecraft.server.network.ServerGamePacketListenerImpl/]: ElFaxx moved too quickly! 9.876659377882106,0.12160004615782327,-2.64552396026329
[13Jan2025 04:35:07.437] [Server thread/INFO] [net.minecraft.server.network.ServerGamePacketListenerImpl/]: ElFaxx lost connection: You logged in from another location
[13Jan2025 04:35:07.437] [Server thread/INFO] [net.minecraft.server.MinecraftServer/]: ElFaxx left the game
[13Jan2025 04:35:07.449] [Server thread/INFO] [net.minecraft.server.players.PlayerList/]: ElFaxx[/127.23.36.210:49411] logged in with entity id 20738 at (-912.482962596043, 162.20000004768372, -2482.6745670093906)
[13Jan2025 04:35:07.464] [Server thread/INFO] [net.minecraft.server.MinecraftServer/]: ElFaxx joined the game
[13Jan2025 04:35:07.507] [Server thread/INFO] [Jade/]: Syncing config to ElFaxx (9e2d1f74-1c06-3d6c-8caf-73b61c7b7da6)
[13Jan2025 04:38:33.676] [Server thread/INFO] [com.teampotato.redirector.Redirector/]: Redirecting net/minecraftforge/event/level/PistonEvent$PistonMoveType
[13Jan2025 04:39:03.396] [Server thread/INFO] [net.minecraft.server.MinecraftServer/]: Fr0chi has reached the goal [Postmortal]
[13Jan2025 04:39:03.410] [Server thread/WARN] [net.minecraft.server.network.ServerGamePacketListenerImpl/]: Fr0chi moved too quickly! -7.082192319303431,1.1661092609382138,-7.264153447029685
[13Jan2025 04:39:03.420] [Server thread/WARN] [net.minecraft.server.MinecraftServer/]: Can't keep up! Is the server overloaded? Running 10098ms or 201 ticks behind
[13Jan2025 04:39:06.289] [Server thread/INFO] [net.minecraft.server.MinecraftServer/]: Fr0chi was turned to stone by Gorgon
[13Jan2025 04:39:06.300] [Server thread/INFO] [com.tiviacz.travelersbackpack.TravelersBackpack/]: Created new backpack backup file for Fr0chi with unique ID travelersbackpack.diamond_13.01.2025-04.39.06.dat
[13Jan2025 04:39:21.436] [Server thread/INFO] [net.minecraft.server.MinecraftServer/]: [Fr0chi: Teleported Fr0chi to -7368.500000, 55.500000, -1938.500000]
[13Jan2025 04:40:10.581] [Server thread/INFO] [net.minecraft.server.MinecraftServer/]: Fr0chi was turned to stone by Gorgon
[13Jan2025 04:40:19.265] [Server thread/INFO] [net.minecraft.server.MinecraftServer/]: [Fr0chi: Teleported Fr0chi to -7357.500000, 65.500000, -1943.500000]
[13Jan2025 04:40:28.135] [Server thread/ERROR] [net.minecraft.Util/]: Invalid entity rotation: NaN, discarding.
[13Jan2025 04:40:31.633] [Server thread/INFO] [net.minecraft.server.MinecraftServer/]: Fr0chi was turned to stone by Gorgon
[13Jan2025 04:40:36.219] [Server thread/INFO] [net.minecraft.server.MinecraftServer/]: [Fr0chi: Teleported Fr0chi to -7353.500000, 64.500000, -1942.500000]
[13Jan2025 04:41:07.233] [Server thread/INFO] [net.minecraft.server.MinecraftServer/]: Fr0chi was turned into gorgonzola by Gorgon
[13Jan2025 04:41:53.302] [Server thread/INFO] [net.minecraft.server.MinecraftServer/]: [Fr0chi: Teleported Fr0chi to -7352.500000, 64.500000, -1935.500000]
[13Jan2025 04:42:28.794] [Server thread/INFO] [net.minecraft.server.MinecraftServer/]: Fr0chi was turned to stone by Gorgon
[13Jan2025 04:42:35.544] [Server thread/INFO] [net.minecraft.server.MinecraftServer/]: [Fr0chi: Teleported Fr0chi to -7357.500000, 65.500000, -1941.500000]
[13Jan2025 04:42:47.585] [Server thread/INFO] [net.minecraft.server.MinecraftServer/]: Fr0chi was turned to stone by Gorgon
[13Jan2025 04:42:52.459] [Server thread/INFO] [net.minecraft.server.MinecraftServer/]: [Fr0chi: Teleported Fr0chi to -7355.500000, 65.500000, -1945.500000]
[13Jan2025 04:43:06.951] [Server thread/INFO] [net.minecraft.server.MinecraftServer/]: [ElFaxx: Teleported ElFaxx to Fr0chi]
[13Jan2025 04:43:31.785] [Server thread/INFO] [net.minecraft.server.MinecraftServer/]: Fr0chi has made the advancement [Clash of the Titans]
[13Jan2025 04:44:29.615] [Server thread/INFO] [net.minecraft.server.MinecraftServer/]: [ElFaxx: Teleported ElFaxx to -911.500000, 162.500000, -2482.500000]
[13Jan2025 04:45:04.037] [Server thread/ERROR] [net.minecraft.Util/]: Invalid entity rotation: NaN, discarding.
[13Jan2025 04:45:04.145] [Server thread/ERROR] [net.minecraft.Util/]: Invalid entity rotation: NaN, discarding.
[13Jan2025 04:45:04.241] [Server thread/ERROR] [net.minecraft.Util/]: Invalid entity rotation: NaN, discarding.
[13Jan2025 04:45:04.337] [Server thread/ERROR] [net.minecraft.Util/]: Invalid entity rotation: NaN, discarding.
[13Jan2025 04:45:04.438] [Server thread/ERROR] [net.minecraft.Util/]: Invalid entity rotation: NaN, discarding.
[13Jan2025 04:45:04.547] [Server thread/ERROR] [net.minecraft.Util/]: Invalid entity rotation: NaN, discarding.
[13Jan2025 04:45:05.146] [Server thread/ERROR] [net.minecraft.Util/]: Invalid entity rotation: NaN, discarding.
[13Jan2025 04:45:05.237] [Server thread/ERROR] [net.minecraft.Util/]: Invalid entity rotation: NaN, discarding.
[13Jan2025 04:45:05.334] [Server thread/ERROR] [net.minecraft.Util/]: Invalid entity rotation: NaN, discarding.
[13Jan2025 04:45:05.435] [Server thread/ERROR] [net.minecraft.Util/]: Invalid entity rotation: NaN, discarding.
[13Jan2025 04:45:05.547] [Server thread/ERROR] [net.minecraft.Util/]: Invalid entity rotation: NaN, discarding.
[13Jan2025 04:45:06.139] [Server thread/ERROR] [net.minecraft.Util/]: Invalid entity rotation: NaN, discarding.
[13Jan2025 04:45:06.260] [Server thread/ERROR] [net.minecraft.Util/]: Invalid entity rotation: NaN, discarding.
[13Jan2025 04:45:06.335] [Server thread/ERROR] [net.minecraft.Util/]: Invalid entity rotation: NaN, discarding.
[13Jan2025 04:45:06.433] [Server thread/ERROR] [net.minecraft.Util/]: Invalid entity rotation: NaN, discarding.
[13Jan2025 04:45:06.534] [Server thread/ERROR] [net.minecraft.Util/]: Invalid entity rotation: NaN, discarding.
[13Jan2025 04:45:06.635] [Server thread/ERROR] [net.minecraft.Util/]: Invalid entity rotation: NaN, discarding.
[13Jan2025 04:45:07.234] [Server thread/ERROR] [net.minecraft.Util/]: Invalid entity rotation: NaN, discarding.
[13Jan2025 04:45:07.367] [Server thread/ERROR] [net.minecraft.Util/]: Invalid entity rotation: NaN, discarding.
[13Jan2025 04:45:07.433] [Server thread/ERROR] [net.minecraft.Util/]: Invalid entity rotation: NaN, discarding.
[13Jan2025 04:45:07.531] [Server thread/ERROR] [net.minecraft.Util/]: Invalid entity rotation: NaN, discarding.
[13Jan2025 04:45:07.640] [Server thread/ERROR] [net.minecraft.Util/]: Invalid entity rotation: NaN, discarding.
[13Jan2025 04:50:14.792] [Worker-Main-1/ERROR] [net.minecraft.world.entity.decoration.HangingEntity/]: Hanging entity at invalid position: BlockPos{x=-200, y=35, z=-815}
[13Jan2025 04:50:21.380] [Worker-Main-2/ERROR] [net.minecraft.world.entity.decoration.HangingEntity/]: Hanging entity at invalid position: BlockPos{x=-196, y=27, z=-819}
[13Jan2025 04:51:28.389] [Netty Epoll Server IO #7/ERROR] [net.minecraftforge.network.NetworkRegistry/NETREGISTRY]: Channels [carryon:carryonpackets,guardvillagers:main,citadel:main_channel,easymagic:1,iceandfire:main_channel,curios:main,fantasyfurniture:net,w2w2:main,cataclysm:main_channel,lionfishapi:main_channel,forge:tier_sorting,jet_and_elias_armors:jet_and_elias_armors,alexsmobs:main_channel,memory_of_the_past:memory_of_the_past,epicfight:network_manager,shifu_epic_fight_skill_recipe:shifu_epic_fight_skill_recipe,doggytalents:channel,twilightforest:channel,waystones:network,apexcore:main] rejected vanilla connections
[13Jan2025 04:51:28.390] [Netty Epoll Server IO #7/INFO] [net.minecraftforge.server.ServerLifecycleHooks/SERVERHOOKS]: [/127.32.52.231:59021] Disconnecting VANILLA connection attempt: This server has mods that require Forge to be installed on the client. Contact your server admin for more details.
[13Jan2025 04:52:50.710] [Server thread/INFO] [net.minecraft.world.entity.npc.Villager/]: Villager Villager['Randa'/46094, l='ServerLevel[world]', x=-5396.40, y=68.94, z=-712.54] died, message: 'Randa was slain by Fr0chi'
[13Jan2025 04:52:50.712] [Server thread/INFO] [net.minecraft.world.entity.LivingEntity/]: Named entity Villager['Randa'/46094, l='ServerLevel[world]', x=-5396.40, y=68.94, z=-712.54] died: Randa was slain by Fr0chi
[13Jan2025 04:54:10.586] [Server thread/INFO] [net.minecraft.world.entity.LivingEntity/]: Named entity Guard['Porfirio'/46212, l='ServerLevel[world]', x=-5386.68, y=79.63, z=-670.40] died: Porfirio was turned to ice by Fr0chi
[13Jan2025 04:54:16.393] [Worker-Main-2/ERROR] [net.minecraft.world.entity.decoration.HangingEntity/]: Hanging entity at invalid position: BlockPos{x=-392, y=31, z=-787}
[13Jan2025 04:54:16.394] [Worker-Main-2/ERROR] [net.minecraft.world.entity.decoration.HangingEntity/]: Hanging entity at invalid position: BlockPos{x=-390, y=31, z=-789}
[13Jan2025 04:54:16.394] [Worker-Main-2/ERROR] [net.minecraft.world.entity.decoration.HangingEntity/]: Hanging entity at invalid position: BlockPos{x=-384, y=31, z=-785}
[13Jan2025 04:54:20.560] [Worker-Main-1/ERROR] [net.minecraft.world.entity.decoration.HangingEntity/]: Hanging entity at invalid position: BlockPos{x=-351, y=31, z=-788}
[13Jan2025 04:54:20.560] [Worker-Main-1/ERROR] [net.minecraft.world.entity.decoration.HangingEntity/]: Hanging entity at invalid position: BlockPos{x=-349, y=31, z=-788}
[13Jan2025 04:54:20.561] [Worker-Main-1/ERROR] [net.minecraft.world.entity.decoration.HangingEntity/]: Hanging entity at invalid position: BlockPos{x=-347, y=31, z=-788}
[13Jan2025 04:54:20.561] [Worker-Main-1/ERROR] [net.minecraft.world.entity.decoration.HangingEntity/]: Hanging entity at invalid position: BlockPos{x=-352, y=34, z=-790}
[13Jan2025 04:54:20.561] [Worker-Main-1/ERROR] [net.minecraft.world.entity.decoration.HangingEntity/]: Hanging entity at invalid position: BlockPos{x=-352, y=34, z=-789}
[13Jan2025 04:54:20.561] [Worker-Main-1/ERROR] [net.minecraft.world.entity.decoration.HangingEntity/]: Hanging entity at invalid position: BlockPos{x=-351, y=34, z=-789}
[13Jan2025 04:54:20.561] [Worker-Main-1/ERROR] [net.minecraft.world.entity.decoration.HangingEntity/]: Hanging entity at invalid position: BlockPos{x=-345, y=30, z=-784}
[13Jan2025 04:54:20.576] [Worker-Main-1/ERROR] [net.minecraft.world.entity.decoration.HangingEntity/]: Hanging entity at invalid position: BlockPos{x=-375, y=33, z=-885}
[13Jan2025 04:54:20.577] [Worker-Main-1/ERROR] [net.minecraft.world.entity.decoration.HangingEntity/]: Hanging entity at invalid position: BlockPos{x=-375, y=32, z=-885}
[13Jan2025 04:54:20.577] [Worker-Main-1/ERROR] [net.minecraft.world.entity.decoration.HangingEntity/]: Hanging entity at invalid position: BlockPos{x=-382, y=46, z=-881}
[13Jan2025 04:54:20.577] [Worker-Main-1/ERROR] [net.minecraft.world.entity.decoration.HangingEntity/]: Hanging entity at invalid position: BlockPos{x=-382, y=68, z=-881}
[13Jan2025 04:54:20.606] [Worker-Main-2/ERROR] [net.minecraft.world.entity.decoration.HangingEntity/]: Hanging entity at invalid position: BlockPos{x=-386, y=61, z=-875}
[13Jan2025 04:54:20.606] [Worker-Main-2/ERROR] [net.minecraft.world.entity.decoration.HangingEntity/]: Hanging entity at invalid position: BlockPos{x=-386, y=62, z=-875}
[13Jan2025 04:54:20.607] [Worker-Main-2/ERROR] [net.minecraft.world.entity.decoration.HangingEntity/]: Hanging entity at invalid position: BlockPos{x=-386, y=61, z=-877}
[13Jan2025 04:54:20.607] [Worker-Main-2/ERROR] [net.minecraft.world.entity.decoration.HangingEntity/]: Hanging entity at invalid position: BlockPos{x=-386, y=62, z=-877}
[13Jan2025 04:54:20.607] [Worker-Main-2/ERROR] [net.minecraft.world.entity.decoration.HangingEntity/]: Hanging entity at invalid position: BlockPos{x=-382, y=46, z=-867}
[13Jan2025 04:54:20.607] [Worker-Main-2/ERROR] [net.minecraft.world.entity.decoration.HangingEntity/]: Hanging entity at invalid position: BlockPos{x=-371, y=47, z=-874}
[13Jan2025 04:54:20.607] [Worker-Main-2/ERROR] [net.minecraft.world.entity.decoration.HangingEntity/]: Hanging entity at invalid position: BlockPos{x=-382, y=68, z=-867}
[13Jan2025 04:54:20.607] [Worker-Main-2/ERROR] [net.minecraft.world.entity.decoration.HangingEntity/]: Hanging entity at invalid position: BlockPos{x=-375, y=68, z=-874}
[13Jan2025 04:54:20.617] [Worker-Main-1/ERROR] [net.minecraft.world.entity.decoration.HangingEntity/]: Hanging entity at invalid position: BlockPos{x=-384, y=31, z=-817}
[13Jan2025 04:54:21.290] [Worker-Main-3/ERROR] [net.minecraft.world.entity.decoration.HangingEntity/]: Hanging entity at invalid position: BlockPos{x=-356, y=31, z=-788}
[13Jan2025 04:54:21.291] [Worker-Main-3/ERROR] [net.minecraft.world.entity.decoration.HangingEntity/]: Hanging entity at invalid position: BlockPos{x=-354, y=31, z=-788}
[13Jan2025 04:54:21.291] [Worker-Main-3/ERROR] [net.minecraft.world.entity.decoration.HangingEntity/]: Hanging entity at invalid position: BlockPos{x=-358, y=31, z=-791}
[13Jan2025 04:54:21.291] [Worker-Main-3/ERROR] [net.minecraft.world.entity.decoration.HangingEntity/]: Hanging entity at invalid position: BlockPos{x=-357, y=31, z=-791}
[13Jan2025 04:54:21.291] [Worker-Main-3/ERROR] [net.minecraft.world.entity.decoration.HangingEntity/]: Hanging entity at invalid position: BlockPos{x=-359, y=31, z=-790}
[13Jan2025 04:54:21.292] [Worker-Main-3/ERROR] [net.minecraft.world.entity.decoration.HangingEntity/]: Hanging entity at invalid position: BlockPos{x=-355, y=31, z=-788}
[13Jan2025 04:54:21.292] [Worker-Main-3/ERROR] [net.minecraft.world.entity.decoration.HangingEntity/]: Hanging entity at invalid position: BlockPos{x=-359, y=26, z=-794}
[13Jan2025 04:54:21.292] [Worker-Main-3/ERROR] [net.minecraft.world.entity.decoration.HangingEntity/]: Hanging entity at invalid position: BlockPos{x=-358, y=27, z=-786}
[13Jan2025 04:54:21.292] [Worker-Main-3/ERROR] [net.minecraft.world.entity.decoration.HangingEntity/]: Hanging entity at invalid position: BlockPos{x=-353, y=34, z=-788}
[13Jan2025 04:54:21.292] [Worker-Main-3/ERROR] [net.minecraft.world.entity.decoration.HangingEntity/]: Hanging entity at invalid position: BlockPos{x=-355, y=34, z=-788}
[13Jan2025 04:54:21.292] [Worker-Main-3/ERROR] [net.minecraft.world.entity.decoration.HangingEntity/]: Hanging entity at invalid position: BlockPos{x=-354, y=34, z=-788}
[13Jan2025 04:54:21.293] [Worker-Main-3/ERROR] [net.minecraft.world.entity.decoration.HangingEntity/]: Hanging entity at invalid position: BlockPos{x=-353, y=34, z=-790}
[13Jan2025 04:54:21.293] [Worker-Main-3/ERROR] [net.minecraft.world.entity.decoration.HangingEntity/]: Hanging entity at invalid position: BlockPos{x=-354, y=34, z=-787}
[13Jan2025 04:54:21.293] [Worker-Main-3/ERROR] [net.minecraft.world.entity.decoration.HangingEntity/]: Hanging entity at invalid position: BlockPos{x=-353, y=34, z=-787}
[13Jan2025 04:54:21.401] [Worker-Main-2/ERROR] [net.minecraft.world.entity.decoration.HangingEntity/]: Hanging entity at invalid position: BlockPos{x=-389, y=46, z=-874}
[13Jan2025 04:54:21.402] [Worker-Main-2/ERROR] [net.minecraft.world.entity.decoration.HangingEntity/]: Hanging entity at invalid position: BlockPos{x=-389, y=68, z=-874}
[13Jan2025 04:54:21.438] [Worker-Main-1/ERROR] [net.minecraft.world.entity.decoration.HangingEntity/]: Hanging entity at invalid position: BlockPos{x=-391, y=27, z=-813}
[13Jan2025 04:54:21.439] [Worker-Main-1/ERROR] [net.minecraft.world.entity.decoration.HangingEntity/]: Hanging entity at invalid position: BlockPos{x=-392, y=27, z=-813}
[13Jan2025 04:54:22.654] [Server thread/WARN] [net.minecraft.world.level.chunk.LevelChunk/]: Tried to load a block entity for block Block{minecraft:fletching_table} but failed at location BlockPos{x=-5354, y=96, z=-255}
[13Jan2025 04:54:49.031] [Server thread/INFO] [net.minecraft.world.entity.LivingEntity/]: Named entity MartialbanditnaturalEntity['Bandit'/48682, l='ServerLevel[world]', x=-5425.44, y=109.50, z=-204.38] died: Bandit was frozen by Fr0chi
[13Jan2025 04:54:49.032] [Server thread/INFO] [net.minecraft.world.entity.LivingEntity/]: Named entity MartialbanditnaturalEntity['Bandit'/48681, l='ServerLevel[world]', x=-5426.83, y=108.00, z=-201.13] died: Bandit was turned to ice by Fr0chi
[13Jan2025 04:55:16.036] [Netty Epoll Server IO #1/ERROR] [net.minecraftforge.network.NetworkRegistry/NETREGISTRY]: Channels [carryon:carryonpackets,guardvillagers:main,citadel:main_channel,easymagic:1,iceandfire:main_channel,curios:main,fantasyfurniture:net,w2w2:main,cataclysm:main_channel,lionfishapi:main_channel,forge:tier_sorting,jet_and_elias_armors:jet_and_elias_armors,alexsmobs:main_channel,memory_of_the_past:memory_of_the_past,epicfight:network_manager,shifu_epic_fight_skill_recipe:shifu_epic_fight_skill_recipe,doggytalents:channel,twilightforest:channel,waystones:network,apexcore:main] rejected vanilla connections
[13Jan2025 04:55:16.036] [Netty Epoll Server IO #1/INFO] [net.minecraftforge.server.ServerLifecycleHooks/SERVERHOOKS]: [/127.32.52.231:52607] Disconnecting VANILLA connection attempt: This server has mods that require Forge to be installed on the client. Contact your server admin for more details.
[13Jan2025 04:55:20.933] [Server thread/ERROR] [net.minecraft.Util/]: Invalid entity rotation: NaN, discarding.
[13Jan2025 04:55:21.033] [Server thread/ERROR] [net.minecraft.Util/]: Invalid entity rotation: NaN, discarding.
[13Jan2025 04:55:21.633] [Server thread/ERROR] [net.minecraft.Util/]: Invalid entity rotation: NaN, discarding.
[13Jan2025 04:55:21.732] [Server thread/ERROR] [net.minecraft.Util/]: Invalid entity rotation: NaN, discarding.
[13Jan2025 04:55:21.832] [Server thread/ERROR] [net.minecraft.Util/]: Invalid entity rotation: NaN, discarding.
[13Jan2025 04:55:21.932] [Server thread/ERROR] [net.minecraft.Util/]: Invalid entity rotation: NaN, discarding.
[13Jan2025 04:55:22.033] [Server thread/ERROR] [net.minecraft.Util/]: Invalid entity rotation: NaN, discarding.
[13Jan2025 04:55:22.731] [Server thread/ERROR] [net.minecraft.Util/]: Invalid entity rotation: NaN, discarding.
[13Jan2025 04:55:22.832] [Server thread/ERROR] [net.minecraft.Util/]: Invalid entity rotation: NaN, discarding.
[13Jan2025 04:55:22.934] [Server thread/ERROR] [net.minecraft.Util/]: Invalid entity rotation: NaN, discarding.
[13Jan2025 04:55:23.031] [Server thread/ERROR] [net.minecraft.Util/]: Invalid entity rotation: NaN, discarding.
[13Jan2025 04:55:23.132] [Server thread/ERROR] [net.minecraft.Util/]: Invalid entity rotation: NaN, discarding.
[13Jan2025 04:55:23.731] [Server thread/ERROR] [net.minecraft.Util/]: Invalid entity rotation: NaN, discarding.
[13Jan2025 04:55:23.833] [Server thread/ERROR] [net.minecraft.Util/]: Invalid entity rotation: NaN, discarding.
[13Jan2025 04:55:23.932] [Server thread/ERROR] [net.minecraft.Util/]: Invalid entity rotation: NaN, discarding.
[13Jan2025 04:55:26.035] [Server thread/ERROR] [net.minecraft.Util/]: Invalid entity rotation: NaN, discarding.
[13Jan2025 04:55:26.133] [Server thread/ERROR] [net.minecraft.Util/]: Invalid entity rotation: NaN, discarding.
[13Jan2025 04:55:26.231] [Server thread/ERROR] [net.minecraft.Util/]: Invalid entity rotation: NaN, discarding.
[13Jan2025 04:55:26.932] [Server thread/ERROR] [net.minecraft.Util/]: Invalid entity rotation: NaN, discarding.
[13Jan2025 04:55:27.032] [Server thread/ERROR] [net.minecraft.Util/]: Invalid entity rotation: NaN, discarding.
[13Jan2025 04:55:27.132] [Server thread/ERROR] [net.minecraft.Util/]: Invalid entity rotation: NaN, discarding.
[13Jan2025 04:55:27.231] [Server thread/ERROR] [net.minecraft.Util/]: Invalid entity rotation: NaN, discarding.
[13Jan2025 04:55:27.333] [Server thread/ERROR] [net.minecraft.Util/]: Invalid entity rotation: NaN, discarding.
[13Jan2025 04:55:27.930] [Server thread/ERROR] [net.minecraft.Util/]: Invalid entity rotation: NaN, discarding.
[13Jan2025 04:55:28.033] [Server thread/ERROR] [net.minecraft.Util/]: Invalid entity rotation: NaN, discarding.
[13Jan2025 04:55:28.131] [Server thread/ERROR] [net.minecraft.Util/]: Invalid entity rotation: NaN, discarding.
[13Jan2025 04:55:28.230] [Server thread/ERROR] [net.minecraft.Util/]: Invalid entity rotation: NaN, discarding.
[13Jan2025 04:55:28.331] [Server thread/ERROR] [net.minecraft.Util/]: Invalid entity rotation: NaN, discarding.
[13Jan2025 04:55:29.035] [Server thread/ERROR] [net.minecraft.Util/]: Invalid entity rotation: NaN, discarding.
[13Jan2025 04:57:22.797] [Server thread/ERROR] [net.minecraft.Util/]: Invalid entity rotation: NaN, discarding.
[13Jan2025 04:59:58.036] [Server thread/ERROR] [net.minecraft.Util/]: Invalid entity rotation: NaN, discarding.
[13Jan2025 04:59:58.137] [Server thread/ERROR] [net.minecraft.Util/]: Invalid entity rotation: NaN, discarding.
[13Jan2025 04:59:58.238] [Server thread/ERROR] [net.minecraft.Util/]: Invalid entity rotation: NaN, discarding.
[13Jan2025 04:59:58.335] [Server thread/ERROR] [net.minecraft.Util/]: Invalid entity rotation: NaN, discarding.
[13Jan2025 04:59:58.433] [Server thread/ERROR] [net.minecraft.Util/]: Invalid entity rotation: NaN, discarding.
[13Jan2025 04:59:58.536] [Server thread/ERROR] [net.minecraft.Util/]: Invalid entity rotation: NaN, discarding.
[13Jan2025 04:59:58.641] [Server thread/ERROR] [net.minecraft.Util/]: Invalid entity rotation: NaN, discarding.
[13Jan2025 04:59:58.736] [Server thread/ERROR] [net.minecraft.Util/]: Invalid entity rotation: NaN, discarding.
[13Jan2025 05:01:59.765] [Server thread/INFO] [net.minecraft.server.MinecraftServer/]: [ElFaxx: Teleported ElFaxx to -1779.500000, 93.500000, -2035.500000]
[13Jan2025 05:02:13.167] [Server thread/INFO] [net.minecraft.server.MinecraftServer/]: [ElFaxx: Teleported ElFaxx to -1809.500000, 73.500000, -1591.500000]
[13Jan2025 05:05:32.538] [Server thread/WARN] [net.minecraft.server.network.ServerGamePacketListenerImpl/]: Fr0chi moved wrongly!
[13Jan2025 05:06:02.467] [Server thread/INFO] [net.minecraft.server.MinecraftServer/]: [ElFaxx: Teleported ElFaxx to -911.500000, 162.500000, -2482.500000]
[13Jan2025 05:07:19.638] [Server thread/ERROR] [net.minecraft.Util/]: Invalid entity rotation: NaN, discarding.
[13Jan2025 05:07:24.034] [Server thread/ERROR] [net.minecraft.Util/]: Invalid entity rotation: NaN, discarding.
[13Jan2025 05:07:24.133] [Server thread/ERROR] [net.minecraft.Util/]: Invalid entity rotation: NaN, discarding.
[13Jan2025 05:07:24.232] [Server thread/ERROR] [net.minecraft.Util/]: Invalid entity rotation: NaN, discarding.
[13Jan2025 05:07:24.333] [Server thread/ERROR] [net.minecraft.Util/]: Invalid entity rotation: NaN, discarding.
[13Jan2025 05:07:24.433] [Server thread/ERROR] [net.minecraft.Util/]: Invalid entity rotation: NaN, discarding.
[13Jan2025 05:07:24.532] [Server thread/ERROR] [net.minecraft.Util/]: Invalid entity rotation: NaN, discarding.
[13Jan2025 05:07:24.634] [Server thread/ERROR] [net.minecraft.Util/]: Invalid entity rotation: NaN, discarding.
[13Jan2025 05:07:24.731] [Server thread/ERROR] [net.minecraft.Util/]: Invalid entity rotation: NaN, discarding.
[13Jan2025 05:07:24.832] [Server thread/ERROR] [net.minecraft.Util/]: Invalid entity rotation: NaN, discarding.
[13Jan2025 05:07:24.931] [Server thread/ERROR] [net.minecraft.Util/]: Invalid entity rotation: NaN, discarding.
[13Jan2025 05:07:25.032] [Server thread/ERROR] [net.minecraft.Util/]: Invalid entity rotation: NaN, discarding.
[13Jan2025 05:07:44.301] [Server thread/INFO] [net.minecraft.server.MinecraftServer/]: [Fr0chi: Teleported Fr0chi to -3863.500000, 228.500000, -1947.500000]
[13Jan2025 05:12:17.901] [Server thread/INFO] [net.minecraft.server.MinecraftServer/]: [Fr0chi: Teleported Fr0chi to ElFaxx]
[13Jan2025 05:12:31.188] [Server thread/INFO] [net.minecraft.server.MinecraftServer/]: [Fr0chi: Teleported Fr0chi to -1261.500000, 119.500000, -1923.500000]
[13Jan2025 05:13:04.959] [Server thread/INFO] [net.minecraft.server.MinecraftServer/]: [ElFaxx: Teleported ElFaxx to Fr0chi]
